time,latitude,longitude,depth,mag,magType,nst,gap,dmin,rms,net,id,updated,place,type,horizontalError,depthError,magError,magNst,status,locationSource,magSource
2018-03-01T03:46:58.490Z,-6.4046,142.917,10,4.5,mb,,81,5.152,0.55,us,us2000d9ir,2018-03-01T04:00:49.040Z,"85km WSW of Mendi, Papua New Guinea",earthquake,8.9,2,0.164,11,reviewed,us,us
2018-03-01T03:17:06.720Z,0.9907,98.7242,71.02,5.2,mww,,47,1.189,1.13,us,us2000d9i7,2018-03-01T03:31:02.040Z,"73km SW of Padangsidempuan, Indonesia",earthquake,6.3,5.7,0.075,17,reviewed,us,us
2018-03-01T01:35:49.970Z,1.0302,98.7423,69.89,5.1,mww,,31,1.197,1.24,us,us2000d9h8,2018-03-01T03:48:15.040Z,"69km WSW of Padangsidempuan, Indonesia",earthquake,3.3,4,0.073,18,reviewed,us,us
2018-03-01T00:22:11.390Z,-6.0923,142.5738,10,4.6,mb,,102,5.61,0.64,us,us2000d9gj,2018-03-01T03:47:18.040Z,"97km SW of Porgera, Papua New Guinea",earthquake,7,1.8,0.112,24,reviewed,us,us
2018-02-28T22:28:32.890Z,-6.2065,143.2584,10,4.5,mb,,109,5.003,0.89,us,us2000d9ff,2018-02-28T23:12:35.040Z,"43km W of Mendi, Papua New Guinea",earthquake,9.4,1.7,0.121,20,reviewed,us,us
2018-02-28T19:00:18.570Z,-6.1481,142.7452,21.15,4.7,mb,,47,5.44,0.65,us,us2000d99x,2018-02-28T23:24:53.040Z,"90km SSW of Porgera, Papua New Guinea",earthquake,9.3,5.4,0.057,93,reviewed,us,us
2018-02-28T16:45:59.250Z,37.6219,73.1116,22.94,4.5,mb,,79,2.079,0.78,us,us2000d97e,2018-02-28T22:56:32.040Z,"96km SW of Murghob, Tajikistan",earthquake,6.9,5.8,0.075,52,reviewed,us,us
2018-02-28T16:21:56.840Z,-22.3985,171.008,16.53,5.1,mww,,112,2.911,1.02,us,us2000d96y,2018-02-28T16:45:02.040Z,"107km W of Ile Hunter, New Caledonia",earthquake,12.6,5.1,0.073,18,reviewed,us,us
2018-02-28T16:15:32.580Z,-57.9132,-25.4062,35,4.9,mb,,52,7.184,0.9,us,us2000d96v,2018-02-28T22:46:04.040Z,"140km NNE of Bristol Island, South Sandwich Islands",earthquake,11.8,1.9,0.089,40,reviewed,us,us
2018-02-28T15:53:17.020Z,-1.431,120.218,37.68,4.5,mb,,69,2.582,0.63,us,us2000d96k,2018-02-28T22:10:32.040Z,"48km W of Kasiguncu, Indonesia",earthquake,7.2,9.3,0.113,23,reviewed,us,us
2018-02-28T14:45:21.080Z,-6.0618,142.7611,10,4.8,mb,,30,5.479,0.92,us,us2000d95l,2018-02-28T22:17:47.666Z,"81km SW of Porgera, Papua New Guinea",earthquake,8.5,1.9,0.079,49,reviewed,us,us
2018-02-28T14:00:56.140Z,-6.0958,142.453,10,5,mb,,29,5.705,1.26,us,us2000d954,2018-02-28T14:20:21.040Z,"108km SW of Porgera, Papua New Guinea",earthquake,7.9,1.9,0.074,58,reviewed,us,us
2018-02-28T11:35:16.380Z,-6.0001,142.4684,10,4.8,mb,,106,6.27,1.02,us,us2000d941,2018-02-28T11:53:23.040Z,"100km SW of Porgera, Papua New Guinea",earthquake,7.1,1.7,0.072,60,reviewed,us,us
2018-02-28T09:44:58.680Z,38.2026,144.5814,10,4.6,mb,,139,3.012,0.98,us,us2000d936,2018-02-28T10:16:15.040Z,"262km ESE of Kamaishi, Japan",earthquake,7.8,1.9,0.05,119,reviewed,us,us
2018-02-28T06:15:15.200Z,-6.8457,129.8016,166.18,4.7,mb,,87,1.865,1.08,us,us2000d91j,2018-02-28T06:35:26.040Z,"207km NW of Saumlaki, Indonesia",earthquake,8.7,8.1,0.106,27,reviewed,us,us
2018-02-28T05:22:12.650Z,-6.1579,142.4845,10,5.2,mb,,41,5.644,0.91,us,us2000d91e,2018-02-28T05:43:52.040Z,"110km SW of Porgera, Papua New Guinea",earthquake,8.1,1.8,0.065,79,reviewed,us,us
2018-02-28T04:53:18.690Z,-6,128.7142,308.29,4.7,mb,,180,3.234,0.5,us,us2000d919,2018-02-28T05:44:43.040Z,"259km SSE of Amahusu, Indonesia",earthquake,10.8,16.5,0.247,5,reviewed,us,us
2018-02-28T04:14:31.710Z,-6.0891,142.5035,10,4.8,mb,,82,5.668,1.09,us,us2000d913,2018-02-28T04:29:37.040Z,"103km SW of Porgera, Papua New Guinea",earthquake,8.4,1.9,0.093,36,reviewed,us,us
2018-02-28T03:30:37.490Z,-6.1859,142.4519,10,4.9,mb,,75,5.655,0.83,us,us2000d90v,2018-02-28T03:42:44.040Z,"114km SW of Porgera, Papua New Guinea",earthquake,4.8,1.9,0.122,21,reviewed,us,us
2018-02-28T02:45:45.460Z,-6.1817,142.4918,16,6.1,mww,,19,5.625,1.21,us,us2000d90d,2018-02-28T21:37:55.161Z,"111km SW of Porgera, Papua New Guinea",earthquake,6.9,1.7,0.054,33,reviewed,us,us
2018-02-28T00:18:51.000Z,-6.3072,143.1969,10,4.7,mb,,104,4.988,0.63,us,us2000d8xs,2018-02-28T00:35:05.040Z,"52km WSW of Mendi, Papua New Guinea",earthquake,10,1.9,0.087,40,reviewed,us,us
2018-02-27T23:59:53.080Z,-6.2562,142.9929,10,4.9,mb,,50,5.179,1,us,us2000d8xf,2018-02-28T00:20:43.040Z,"73km W of Mendi, Papua New Guinea",earthquake,4.9,1.9,0.083,45,reviewed,us,us
2018-02-27T22:57:31.570Z,37.6306,141.7225,38.74,4.6,mb,,135,0.776,0.84,us,us2000d8wj,2018-02-27T23:47:03.183Z,"65km ENE of Namie, Japan",earthquake,6.5,6.8,0.077,50,reviewed,us,us
2018-02-27T21:52:05.250Z,-26.4267,-114.3493,10,4.7,mb,,160,38.654,0.58,us,us2000d8vp,2018-02-27T22:14:16.040Z,"Easter Island region",earthquake,7.3,1.9,0.086,41,reviewed,us,us
2018-02-27T20:11:04.060Z,-6.2206,142.8279,10,5.2,mb,,19,5.331,0.78,us,us2000d8u9,2018-02-28T17:28:22.155Z,"91km W of Mendi, Papua New Guinea",earthquake,7.2,1.7,0.044,171,reviewed,us,us
2018-02-27T18:30:54.660Z,-6.0843,142.6128,10,4.5,mb,,77,5.584,1.12,us,us2000d8td,2018-02-28T15:38:05.529Z,"94km SW of Porgera, Papua New Guinea",earthquake,8.6,1.9,0.079,47,reviewed,us,us
2018-02-27T17:29:22.590Z,-60.2489,150.7706,10,6.1,mww,,37,7.263,1.03,us,us2000d8rl,2018-02-28T15:13:11.111Z,"West of Macquarie Island",earthquake,9.4,1.7,0.063,24,reviewed,us,us
2018-02-27T16:19:53.880Z,-6.0855,142.8469,10,5.2,mb,,33,5.397,0.85,us,us2000d8r4,2018-02-27T17:50:36.040Z,"78km SSW of Porgera, Papua New Guinea",earthquake,8.4,1.8,0.045,162,reviewed,us,us
2018-02-27T15:27:07.770Z,-6.4128,143.2841,10,4.5,mb,,85,4.855,0.74,us,us2000d8qt,2018-02-27T16:07:35.040Z,"48km WSW of Mendi, Papua New Guinea",earthquake,9.5,1.9,0.121,20,reviewed,us,us
2018-02-27T14:20:39.720Z,-2.817,-79.7752,10,4.5,mb,,95,0.623,0.9,us,us2000d8qa,2018-02-27T15:52:22.040Z,"11km NNE of Balao, Ecuador",earthquake,3.2,1.8,0.111,24,reviewed,us,us
2018-02-27T14:11:18.610Z,-6.3589,142.9858,14.45,5,mb,,56,5.123,0.74,us,us2000d8q9,2018-02-27T17:54:04.040Z,"76km WSW of Mendi, Papua New Guinea",earthquake,9.2,4.4,0.082,47,reviewed,us,us
2018-02-27T13:58:27.080Z,-6.3793,143.203,14.7,5,mww,,28,4.939,0.67,us,us2000d8q3,2018-02-27T16:07:21.727Z,"54km WSW of Mendi, Papua New Guinea",earthquake,5.7,3.7,0.075,17,reviewed,us,us
2018-02-27T13:28:47.610Z,-6.2707,142.7402,10,4.6,mb,,98,5.372,0.69,us,us2000d8q0,2018-02-27T14:38:09.040Z,"101km W of Mendi, Papua New Guinea",earthquake,11.9,1.9,0.122,20,reviewed,us,us
2018-02-27T12:29:52.630Z,-17.7801,-177.9639,532.71,4.8,mb,,137,7.088,0.87,us,us2000d8pu,2018-02-27T12:43:24.040Z,"Fiji region",earthquake,17.5,12.1,0.116,23,reviewed,us,us
2018-02-27T10:49:55.990Z,-6.3147,143.5327,21.1,4.9,mb,,89,4.726,1.14,us,us2000d8pf,2018-02-27T12:43:51.040Z,"20km SW of Mendi, Papua New Guinea",earthquake,8,6.1,0.073,59,reviewed,us,us
2018-02-27T10:33:45.290Z,-6.4194,143.2525,20.86,4.9,mb,,79,4.875,1.57,us,us2000d8pb,2018-02-27T12:47:43.040Z,"51km WSW of Mendi, Papua New Guinea",earthquake,6.5,6.2,0.079,51,reviewed,us,us
2018-02-27T08:07:02.420Z,-19.6512,169.0188,55.87,4.7,mb,,107,2.011,0.97,us,us2000d8nj,2018-02-27T08:21:39.040Z,"28km WSW of Isangel, Vanuatu",earthquake,11.3,8.8,0.108,26,reviewed,us,us
2018-02-27T07:19:23.350Z,-6.3225,142.7909,10,5.2,mb,,51,5.301,0.89,us,us2000d8nf,2018-02-27T07:37:19.040Z,"96km W of Mendi, Papua New Guinea",earthquake,7.3,1.6,0.06,93,reviewed,us,us
2018-02-27T06:19:12.240Z,-6.4178,143.0483,10,5.6,mww,,34,5.038,1.29,us,us2000d8my,2018-02-27T17:25:19.040Z,"71km WSW of Mendi, Papua New Guinea",earthquake,7.6,1.9,0.061,26,reviewed,us,us
2018-02-27T05:51:26.990Z,-6.4679,143.0884,10,4.8,mb,,116,4.977,0.84,us,us2000d8ms,2018-02-27T06:03:01.040Z,"70km WSW of Mendi, Papua New Guinea",earthquake,6.7,2,0.167,11,reviewed,us,us
2018-02-27T05:35:37.190Z,-5.7415,142.3015,10,4.9,mb,,45,6.036,0.86,us,us2000d8mm,2018-02-27T05:58:08.026Z,"104km WSW of Porgera, Papua New Guinea",earthquake,7.9,1.9,0.095,35,reviewed,us,us
2018-02-27T05:17:58.320Z,-18.8524,169.2939,196.49,5.5,mww,,102,2.721,0.91,us,us2000d8mh,2018-02-27T21:05:42.040Z,"77km N of Isangel, Vanuatu",earthquake,8.4,4.5,0.073,18,reviewed,us,us
2018-02-27T03:40:11.470Z,-2.8834,-79.7642,10,4.7,mb,,95,0.654,0.85,us,us2000d8lq,2018-02-27T23:04:39.477Z,"6km ENE of Balao, Ecuador",earthquake,6.5,1.9,0.052,111,reviewed,us,us
2018-02-27T02:31:04.019Z,53.324,-164.2223,15.7,4.5,ml,,,,0.45,ak,ak18554610,2018-02-27T02:58:19.917Z,"136km SE of Akutan, Alaska",earthquake,,3.3,,,reviewed,ak,ak
2018-02-27T02:15:07.930Z,-6.5309,143.2716,10,5.2,mb,,84,4.793,1.02,us,us2000d8k4,2018-02-27T05:36:51.666Z,"57km SW of Mendi, Papua New Guinea",earthquake,8.6,1.9,0.095,36,reviewed,us,us
2018-02-27T01:31:06.470Z,49.562,155.7885,57.07,4.6,mb,,126,3.747,0.96,us,us2000d8jt,2018-02-27T01:42:18.040Z,"126km S of Severo-Kuril'sk, Russia",earthquake,8,7.6,0.075,53,reviewed,us,us
2018-02-27T00:55:22.590Z,-6.0456,142.6355,10,5,mb,,29,5.588,1,us,us2000d8jk,2018-02-27T08:58:00.339Z,"89km SW of Porgera, Papua New Guinea",earthquake,7.6,1.9,0.064,77,reviewed,us,us
2018-02-27T00:08:13.280Z,-6.4713,143.3485,10,5.1,mb,,26,4.769,1.48,us,us2000d8j8,2018-02-27T00:30:37.040Z,"46km SW of Mendi, Papua New Guinea",earthquake,7.2,1.7,0.058,96,reviewed,us,us
2018-02-27T00:05:14.500Z,-6.2332,143.1081,10,4.5,mb,,101,5.102,0.98,us,us2000d8j3,2018-02-27T00:23:42.040Z,"60km W of Mendi, Papua New Guinea",earthquake,4.2,1.9,0.102,28,reviewed,us,us
2018-02-26T23:31:43.990Z,-28.3617,-67.5128,123.76,4.9,mb,,27,2.09,0.62,us,us2000d8if,2018-02-26T23:58:42.040Z,"33km S of Tinogasta, Argentina",earthquake,6.6,6,0.026,469,reviewed,us,us
2018-02-26T22:16:56.330Z,-5.965,142.4064,10,4.8,mb,,31,5.819,1.09,us,us2000d8ha,2018-02-26T22:42:33.040Z,"103km WSW of Porgera, Papua New Guinea",earthquake,8.5,1.9,0.095,34,reviewed,us,us
2018-02-26T22:02:30.210Z,-6.2246,142.546,10,4.7,mb,,80,5.556,1.16,us,us2000d8gv,2018-02-26T22:35:04.040Z,"110km SW of Porgera, Papua New Guinea",earthquake,7.9,1.9,0.13,18,reviewed,us,us
2018-02-26T21:52:36.940Z,-6.3587,142.8545,10,5,mb,,30,5.229,0.92,us,us2000d8gk,2018-02-26T22:31:13.040Z,"90km WSW of Mendi, Papua New Guinea",earthquake,5.8,1.8,0.071,63,reviewed,us,us
2018-02-26T21:00:27.730Z,-42.8091,-82.4063,10,4.8,mb,,200,7.263,0.9,us,us2000d8f2,2018-02-26T22:17:42.040Z,"West Chile Rise",earthquake,12.2,2,0.077,52,reviewed,us,us
2018-02-26T19:21:51.820Z,-6.4892,143.4601,22.52,5.1,mb,,26,4.67,1.34,us,us2000d8dl,2018-02-27T15:19:52.040Z,"40km SSW of Mendi, Papua New Guinea",earthquake,8,4.2,0.05,130,reviewed,us,us
2018-02-26T18:28:03.530Z,-6.036,142.7017,20,5.4,mww,,19,5.542,1,us,us2000d8bx,2018-02-27T15:33:06.352Z,"83km SW of Porgera, Papua New Guinea",earthquake,5.1,1.8,0.069,20,reviewed,us,us
2018-02-26T17:58:05.240Z,-5.9412,142.4853,19.39,4.5,mb,,48,5.77,1.06,us,us2000d8be,2018-02-27T15:55:36.040Z,"94km WSW of Porgera, Papua New Guinea",earthquake,8.4,4.3,0.081,45,reviewed,us,us
2018-02-26T17:41:15.710Z,-5.7791,142.5541,10,5.2,mb,,28,5.815,0.82,us,us2000d8au,2018-02-27T16:39:27.040Z,"79km WSW of Porgera, Papua New Guinea",earthquake,8,1.8,0.055,110,reviewed,us,us
2018-02-26T15:17:59.470Z,-6.495,143.255,13.81,6.2,mww,,19,4.828,0.9,us,us2000d867,2018-02-26T23:39:06.019Z,"56km SW of Mendi, Papua New Guinea",earthquake,4.1,3.1,0.048,41,reviewed,us,us
2018-02-26T13:34:53.480Z,-2.7732,126.6953,8.42,6.1,mww,,38,3.584,0.77,us,us2000d855,2018-02-26T20:45:42.143Z,"45km NE of Airbuaya, Indonesia",earthquake,6.8,2.8,0.048,41,reviewed,us,us
2018-02-26T13:15:00.090Z,8.415,-83.2433,15.11,4.9,mb,,182,0.075,0.61,us,us2000d84z,2018-02-27T19:52:05.499Z,"26km SSW of Golfito, Costa Rica",earthquake,6.7,2.2,0.059,91,reviewed,us,us
2018-02-26T12:49:45.970Z,-6.2977,143.1497,38.32,4.8,mb,,51,5.03,0.79,us,us2000d84n,2018-02-26T13:07:15.040Z,"57km WSW of Mendi, Papua New Guinea",earthquake,4.8,8,0.096,34,reviewed,us,us
2018-02-26T12:34:54.350Z,-6.3147,143.3448,26.7,5.2,mb,,38,4.869,0.94,us,us2000d84y,2018-02-26T13:20:33.040Z,"37km WSW of Mendi, Papua New Guinea",earthquake,9.5,4.1,0.055,108,reviewed,us,us
2018-02-26T12:29:30.730Z,-6.297,143.2469,40.01,5,mb,,30,4.955,0.99,us,us2000d84e,2018-02-26T12:46:57.040Z,"46km WSW of Mendi, Papua New Guinea",earthquake,7.9,8.4,0.081,49,reviewed,us,us
2018-02-26T11:56:07.450Z,-6.5004,143.5538,13.33,5.7,mww,,20,4.591,0.91,us,us2000d83z,2018-02-26T20:27:14.040Z,"37km SSW of Mendi, Papua New Guinea",earthquake,5,4.1,0.073,18,reviewed,us,us
2018-02-26T11:04:12.280Z,-6.1569,143.047,22.31,4.7,mb,,103,5.197,0.94,us,us2000d83g,2018-02-26T11:25:07.040Z,"66km W of Mendi, Papua New Guinea",earthquake,10.7,6.8,0.096,33,reviewed,us,us
2018-02-26T11:00:17.100Z,-6.3805,143.2632,33.05,4.9,mb,,80,4.891,0.95,us,us2000d83d,2018-02-26T11:29:42.040Z,"48km WSW of Mendi, Papua New Guinea",earthquake,8.3,5.7,0.08,49,reviewed,us,us
2018-02-26T10:20:01.180Z,-6.4743,143.4644,49,4.7,mb,,87,4.676,1.12,us,us2000d839,2018-02-26T12:20:47.040Z,"38km SSW of Mendi, Papua New Guinea",earthquake,6.2,7.7,0.093,35,reviewed,us,us
2018-02-26T10:07:48.420Z,-6.2669,142.8408,35.9,4.8,mb,,48,5.293,1.24,us,us2000d82h,2018-02-26T11:54:33.040Z,"90km W of Mendi, Papua New Guinea",earthquake,5.8,9,0.101,30,reviewed,us,us
2018-02-26T09:28:18.140Z,-6.4259,142.9475,50.46,4.9,mb,,80,5.115,1.49,us,us2000d81t,2018-02-26T10:02:23.040Z,"82km WSW of Mendi, Papua New Guinea",earthquake,8.9,3.2,0.098,33,reviewed,us,us
2018-02-26T09:19:43.850Z,-6.3315,142.8392,60.3,5,mb,,48,5.257,1.16,us,us2000d81l,2018-02-26T09:39:31.040Z,"91km W of Mendi, Papua New Guinea",earthquake,8.4,7.8,0.068,69,reviewed,us,us
2018-02-26T08:26:59.340Z,-6.4274,143.2706,23.64,6,mww,,39,4.856,1.01,us,us2000d80x,2018-02-26T20:34:56.040Z,"50km WSW of Mendi, Papua New Guinea",earthquake,7.4,4.8,0.073,18,reviewed,us,us
2018-02-26T07:41:04.820Z,-6.3073,142.8372,35,4.6,mb,,95,5.273,0.81,us,us2000d80b,2018-02-26T10:00:21.040Z,"91km W of Mendi, Papua New Guinea",earthquake,11.1,2,0.068,65,reviewed,us,us
2018-02-26T07:01:49.200Z,-6.1196,142.6353,35,5.1,mb,,50,5.545,1.51,us,us2000d7zv,2018-02-26T07:23:13.040Z,"95km SW of Porgera, Papua New Guinea",earthquake,8.4,2,0.055,108,reviewed,us,us
2018-02-26T06:27:50.610Z,-6.1585,142.6275,32.38,4.6,mb,,77,5.528,0.46,us,us2000d7zh,2018-02-26T09:44:25.040Z,"99km SW of Porgera, Papua New Guinea",earthquake,10,6.1,0.073,56,reviewed,us,us
2018-02-26T06:26:56.490Z,-15.0883,-71.5428,113.69,4.7,mb,,87,3.496,1.42,us,us2000d7zf,2018-02-26T09:03:32.040Z,"46km N of Ccolo, Peru",earthquake,7.5,6,0.051,116,reviewed,us,us
2018-02-26T05:28:01.740Z,-6.2495,142.7798,10.81,5,mb,,54,5.353,1.31,us,us2000d7ym,2018-02-26T06:02:56.854Z,"96km W of Mendi, Papua New Guinea",earthquake,6.9,4.2,0.069,67,reviewed,us,us
2018-02-26T05:20:13.930Z,-6.4864,142.5832,35,4.8,mb,,75,5.38,0.83,us,us2000d7yl,2018-02-26T08:29:58.040Z,"123km WSW of Mendi, Papua New Guinea",earthquake,10,2,0.062,80,reviewed,us,us
2018-02-26T04:54:00.940Z,-6.344,143.4677,35,4.7,mb,,88,4.756,1.21,us,us2000d7yf,2018-02-26T05:11:50.040Z,"27km SW of Mendi, Papua New Guinea",earthquake,9.7,2,0.106,27,reviewed,us,us
2018-02-26T04:41:02.340Z,-5.4195,151.8309,35,5.6,mww,,60,1.264,1.1,us,us2000d7y3,2018-02-26T14:30:26.040Z,"127km SSW of Kokopo, Papua New Guinea",earthquake,6.2,2,0.071,19,reviewed,us,us
2018-02-26T04:37:07.160Z,-6.2925,143.0061,27.32,4.8,mb,,81,5.147,0.89,us,us2000d7xx,2018-02-26T05:02:42.040Z,"72km W of Mendi, Papua New Guinea",earthquake,9.9,6.1,0.087,41,reviewed,us,us
2018-02-26T03:12:57.810Z,-6.1221,143.0201,35,5.2,mb,,50,5.24,0.94,us,us2000d7ws,2018-02-26T03:33:00.040Z,"70km W of Mendi, Papua New Guinea",earthquake,5,1.9,0.054,114,reviewed,us,us
2018-02-26T03:10:59.570Z,-6.3033,142.9725,35,5,mb,,72,5.167,0.81,us,us2000d7wl,2018-02-26T03:37:07.040Z,"76km W of Mendi, Papua New Guinea",earthquake,4.8,1.9,0.092,38,reviewed,us,us
2018-02-26T02:31:52.950Z,-6.4513,143.2979,21.44,4.8,mb,,60,4.82,0.75,us,us2000d7wf,2018-02-26T02:58:55.040Z,"49km SW of Mendi, Papua New Guinea",earthquake,9.6,2.8,0.124,20,reviewed,us,us
2018-02-26T02:25:34.980Z,-6.3056,142.9533,35,5,mb,,42,5.181,1.25,us,us2000d7wa,2018-02-26T02:49:42.040Z,"78km W of Mendi, Papua New Guinea",earthquake,8.1,1.9,0.065,76,reviewed,us,us
2018-02-26T00:16:43.610Z,-6.2925,142.9705,35,4.6,mb,,97,5.175,0.77,us,us2000d7vk,2018-02-26T03:07:54.040Z,"76km W of Mendi, Papua New Guinea",earthquake,5.8,2,0.09,37,reviewed,us,us
2018-02-25T23:46:23.220Z,-6.5246,143.1539,27.93,4.6,mb,,77,4.891,0.72,us,us2000d7v9,2018-02-26T03:02:36.100Z,"67km SW of Mendi, Papua New Guinea",earthquake,9.5,5.8,0.093,35,reviewed,us,us
2018-02-25T23:07:27.680Z,-6.1535,143.128,35,4.6,mb,,65,5.137,0.83,us,us2000d7ux,2018-02-26T02:54:50.040Z,"57km W of Mendi, Papua New Guinea",earthquake,9,2,0.085,42,reviewed,us,us
2018-02-25T22:57:46.330Z,-6.3409,143.1137,35,5,mb,,41,5.032,0.61,us,us2000d7up,2018-02-26T00:35:23.040Z,"62km WSW of Mendi, Papua New Guinea",earthquake,8.4,1.9,0.071,64,reviewed,us,us
2018-02-25T22:28:13.230Z,-6.1671,142.7552,35,5,mb,,38,5.421,0.69,us,us2000d7u8,2018-02-25T22:41:02.040Z,"91km SSW of Porgera, Papua New Guinea",earthquake,8.7,2,0.103,30,reviewed,us,us
2018-02-25T22:19:11.470Z,-6.3044,143.1923,35,5,mb,,96,5.936,1.17,us,us2000d7un,2018-02-25T23:06:38.040Z,"52km WSW of Mendi, Papua New Guinea",earthquake,9.7,2,0.098,33,reviewed,us,us
2018-02-25T22:09:37.510Z,-6.1352,142.9995,35,4.5,mb,,102,5.248,0.94,us,us2000d7u3,2018-02-26T00:54:34.040Z,"72km W of Mendi, Papua New Guinea",earthquake,10.1,2,0.098,31,reviewed,us,us
2018-02-25T21:47:46.870Z,-5.9635,142.6503,16.63,5.2,mb,,29,5.626,0.64,us,us2000d7tt,2018-02-26T00:46:51.200Z,"82km SW of Porgera, Papua New Guinea",earthquake,8.1,3.6,0.056,107,reviewed,us,us
2018-02-25T21:11:43.160Z,-5.6987,142.363,35,5,mb,,49,6.013,0.78,us,us2000d7t3,2018-02-25T21:32:18.040Z,"96km WSW of Porgera, Papua New Guinea",earthquake,5.3,2,0.077,54,reviewed,us,us
2018-02-25T20:57:05.440Z,-5.8846,142.5046,35,4.9,mb,,75,5.789,0.84,us,us2000d7sw,2018-02-25T21:41:31.040Z,"89km WSW of Porgera, Papua New Guinea",earthquake,10.7,2,0.083,46,reviewed,us,us
2018-02-25T20:55:14.780Z,56.0557,-161.9751,190.19,4.6,mb,,45,1.104,1.21,us,us2000d7sr,2018-02-25T22:36:05.738Z,"107km NNE of Cold Bay, Alaska",earthquake,6.6,7.9,0.076,52,reviewed,us,us
2018-02-25T20:17:29.610Z,-6.2439,142.7457,35,5.2,mb,,40,5.383,1.48,us,us2000d7sa,2018-02-25T20:35:50.040Z,"99km SSW of Porgera, Papua New Guinea",earthquake,7,1.9,0.088,42,reviewed,us,us
2018-02-25T20:15:46.490Z,27.6632,56.5377,10,4.5,mb,,123,2.723,0.96,us,us2000d7s8,2018-02-25T21:18:22.024Z,"58km NNE of Bandar 'Abbas, Iran",earthquake,6,1.9,0.093,34,reviewed,us,us
2018-02-25T19:40:52.420Z,-6.3806,143.3568,35,5.3,mb,,118,12.07,0.82,us,us2000d7rv,2018-02-25T19:59:52.040Z,"39km SW of Mendi, Papua New Guinea",earthquake,10.3,2,0.057,104,reviewed,us,us
2018-02-25T19:05:01.530Z,-6.2481,143.1622,34.31,4.6,mb,,79,5.051,0.81,us,us2000d7rl,2018-02-25T20:58:54.040Z,"54km W of Mendi, Papua New Guinea",earthquake,10.9,6.9,0.112,24,reviewed,us,us
2018-02-25T18:54:18.650Z,-6.407,143.4283,35,4.9,mb,,53,4.746,0.71,us,us2000d7rh,2018-02-25T20:56:06.040Z,"35km SW of Mendi, Papua New Guinea",earthquake,8.7,2,0.077,53,reviewed,us,us
2018-02-25T18:47:18.160Z,-6.0589,142.924,35,5,mb,,76,5.354,0.79,us,us2000d7rq,2018-02-27T01:36:22.751Z,"72km SSW of Porgera, Papua New Guinea",earthquake,9.4,2,0.064,79,reviewed,us,us
2018-02-25T18:28:39.050Z,24.3781,122.0889,10,5,mb,,99,0.494,0.66,us,us2000d7r8,2018-02-26T12:58:52.202Z,"34km SE of Su'ao, Taiwan",earthquake,2.8,1.9,0.098,33,reviewed,us,us
2018-02-25T18:26:14.190Z,-6.433,143.4862,35,5.4,mb,,29,4.685,0.82,us,us2000d7rc,2018-02-27T01:36:30.109Z,"33km SSW of Mendi, Papua New Guinea",earthquake,8.3,2,0.079,55,reviewed,us,us
2018-02-25T18:11:34.650Z,-5.7603,142.2443,38.97,5.5,mb,,48,6.303,1.09,us,us2000d7r4,2018-02-25T20:15:02.997Z,"110km WSW of Porgera, Papua New Guinea",earthquake,8.8,7.4,0.084,49,reviewed,us,us
2018-02-25T17:44:44.380Z,-6.1488,142.7663,35,7.5,mww,,30,5.423,1.16,us,us2000d7q6,2018-03-01T04:51:59.061Z,"89km SSW of Porgera, Papua New Guinea",earthquake,7.1,1.9,0.071,19,reviewed,us,us
2018-02-25T16:36:01.640Z,27.515,52.4612,10,4.6,mb,,113,4.224,0.6,us,us2000d7px,2018-02-26T06:16:29.391Z,"147km S of Firuzabad, Iran",earthquake,9.5,1.7,0.142,21,reviewed,us,us
2018-02-25T16:28:39.510Z,37.5905,141.7455,30.77,5.6,mww,,60,0.807,0.66,us,us2000d7pu,2018-02-27T12:01:20.933Z,"66km E of Namie, Japan",earthquake,6.6,3.8,0.073,18,reviewed,us,us
2018-02-25T15:21:15.250Z,38.574,25.5816,10.71,4.5,mb,,41,2.346,0.58,us,us2000d7pi,2018-02-25T15:56:29.040Z,"48km WNW of Lagkada, Greece",earthquake,5.9,5.7,0.145,17,reviewed,us,us
2018-02-25T14:41:30.030Z,-21.0123,-178.7933,589.36,4.6,mb,,49,8.553,0.79,us,us2000d7pc,2018-02-25T15:28:35.040Z,"41km SSW of Ndoi Island, Fiji",earthquake,10.7,6.3,0.051,115,reviewed,us,us
2018-02-25T14:25:40.360Z,18.8571,145.5881,221.47,4.6,mb,,100,3.601,0.89,us,us2000d7p5,2018-02-25T15:12:44.040Z,"12km NW of Agrihan, Northern Mariana Islands",earthquake,8.7,7.8,0.039,196,reviewed,us,us
2018-02-25T12:51:39.740Z,15.5253,-94.3615,53.62,4.7,mb,,165,2.268,1.03,us,us2000d7nh,2018-02-25T13:13:02.040Z,"77km SW of Paredon, Mexico",earthquake,7.9,7.9,0.055,101,reviewed,us,us
2018-02-25T03:27:25.490Z,-30.4997,-176.5047,12.86,4.8,mb,,35,1.759,0.74,us,us2000d7k8,2018-02-25T03:55:26.040Z,"191km SE of Raoul Island, New Zealand",earthquake,8.2,4.8,0.05,126,reviewed,us,us
2018-02-25T01:37:33.320Z,-15.6465,-175.0678,253.99,4.6,mb,,143,3.621,0.57,us,us2000d7js,2018-02-25T02:55:30.040Z,"145km WNW of Hihifo, Tonga",earthquake,6.2,11.2,0.104,28,reviewed,us,us
2018-02-24T21:25:38.480Z,-3.2377,130.7378,10,4.7,mb,,52,1.541,0.86,us,us2000d7ht,2018-02-24T22:35:43.040Z,"202km E of Amahai, Indonesia",earthquake,6.5,1.9,0.067,68,reviewed,us,us
2018-02-24T16:59:31.840Z,23.1322,125.6045,21.37,4.8,mb,,107,2.721,1.09,us,us2000d7fc,2018-02-24T17:18:19.040Z,"187km S of Hirara, Japan",earthquake,8.2,6.2,0.102,30,reviewed,us,us
2018-02-24T11:02:22.960Z,19.7901,120.3809,10,5.2,mww,,91,3.082,1.29,us,us2000d7d5,2018-02-25T18:47:52.103Z,"142km NNW of Pagudpud, Philippines",earthquake,7.7,1.8,0.073,18,reviewed,us,us
2018-02-24T10:02:33.900Z,2.0844,98.8216,10.59,5,mww,,83,0.613,1.2,us,us2000d7cu,2018-02-24T11:06:54.091Z,"22km ESE of Onan Ganjang, Indonesia",earthquake,5.8,3.1,0.08,15,reviewed,us,us
2018-02-24T08:35:45.880Z,34.5757,141.7711,28.76,5,mb,,124,2.185,0.74,us,us2000d7c6,2018-02-26T11:54:11.075Z,"147km ESE of Ohara, Japan",earthquake,7.3,5.7,0.068,68,reviewed,us,us
2018-02-24T06:51:15.220Z,-3.0904,86.5686,10,4.7,mb,,119,11.837,0.94,us,us2000d7bq,2018-02-24T07:07:32.040Z,"South Indian Ocean",earthquake,10.3,1.9,0.08,47,reviewed,us,us
2018-02-24T02:43:52.660Z,37.3345,141.3128,34.61,4.6,mb,,136,0.676,0.79,us,us2000d7av,2018-02-24T03:03:03.040Z,"32km ESE of Namie, Japan",earthquake,6.5,5.8,0.071,59,reviewed,us,us
2018-02-24T02:16:57.560Z,-21.4301,-179.2746,613.84,4.8,mb,,40,7.876,0.75,us,us2000d7ae,2018-02-24T02:33:30.040Z,"105km SW of Ndoi Island, Fiji",earthquake,6.1,8.6,0.047,141,reviewed,us,us
2018-02-24T01:50:53.520Z,12.7,-88.1942,58.21,4.9,mwr,,108,1.116,1.06,us,us2000d7a6,2018-02-24T19:37:06.206Z,"57km S of Chirilagua, El Salvador",earthquake,5.6,7.5,0.059,28,reviewed,us,us
2018-02-23T23:07:54.120Z,12.0589,-43.8606,10,4.8,mb,,108,11.091,0.75,us,us2000d76k,2018-02-24T00:07:41.040Z,"Northern Mid-Atlantic Ridge",earthquake,10.4,1.9,0.06,86,reviewed,us,us
2018-02-23T18:49:21.720Z,-34.5046,-72.2236,22.81,4.9,mb,,78,0.559,0.65,us,us2000d71v,2018-02-24T16:19:12.040Z,"79km W of Santa Cruz, Chile",earthquake,4,4.5,0.042,174,reviewed,us,us
2018-02-23T12:11:43.520Z,2.6969,-84.346,39.03,4.5,mb,,93,5.767,0.96,us,us2000d6uu,2018-02-23T18:19:41.389Z,"Off the coast of Central America",earthquake,8.1,9.7,0.052,108,reviewed,us,us
2018-02-23T10:42:33.250Z,-3.2052,130.739,17.15,4.5,mb,,53,1.534,0.76,us,us2000d6u9,2018-02-23T11:19:07.040Z,"203km E of Amahai, Indonesia",earthquake,2.7,5.6,0.094,33,reviewed,us,us
2018-02-23T10:22:01.190Z,39.5911,72.7362,48.52,4.5,mb,,52,1.548,1.02,us,us2000d6tz,2018-02-23T12:08:42.040Z,"46km WSW of Sary-Tash, Kyrgyzstan",earthquake,6.7,7.9,0.11,24,reviewed,us,us
2018-02-23T07:20:38.580Z,-5.3709,129.5641,190.76,4.6,mb,,66,3.114,0.82,us,us2000d6t4,2018-02-23T07:43:50.040Z,"223km SSE of Saparua, Indonesia",earthquake,8.1,8.3,0.092,35,reviewed,us,us
2018-02-23T05:43:41.650Z,16.3511,-97.5764,10,4.8,mb,,167,1.532,0.76,us,us2000d6sm,2018-02-26T09:06:44.995Z,"23km WNW of San Miguel Panixtlahuaca, Mexico",earthquake,7.6,1.9,0.029,372,reviewed,us,us
2018-02-23T03:31:16.239Z,55.5351,-158.8342,27.5,5,ml,,,,0.88,ak,ak18495894,2018-02-28T01:37:49.498Z,"68km SSW of Chignik Lake, Alaska",earthquake,,1.2,,,reviewed,ak,ak
2018-02-22T11:19:04.360Z,12.1274,-88.1997,10,4.7,mb,,166,1.257,0.78,us,us2000d6bt,2018-02-22T12:36:12.040Z,"106km SW of Jiquilillo, Nicaragua",earthquake,6.9,1.9,0.041,177,reviewed,us,us
2018-02-22T07:21:40.460Z,-3.1918,130.8411,10,5.3,mb,,48,1.431,0.85,us,us2000d6a6,2018-02-22T07:37:59.040Z,"214km E of Amahai, Indonesia",earthquake,7.3,1.8,0.051,130,reviewed,us,us
2018-02-22T07:19:28.290Z,-3.2537,130.7629,10,5.4,mww,,38,1.52,0.97,us,us2000d6a3,2018-02-22T15:27:10.040Z,"205km E of Amahai, Indonesia",earthquake,6.3,1.9,0.073,18,reviewed,us,us
2018-02-22T05:48:58.980Z,23.8125,-44.9506,10,5,mb,,87,17.445,1.02,us,us2000d69c,2018-02-23T00:29:43.040Z,"Northern Mid-Atlantic Ridge",earthquake,11,1.9,0.027,433,reviewed,us,us
2018-02-21T23:44:56.510Z,37.8553,20.3613,16.66,5,mb,,44,1.906,1.36,us,us2000d66w,2018-02-22T09:53:34.744Z,"35km W of Katastarion, Greece",earthquake,5.7,4.5,0.043,174,reviewed,us,us
2018-02-21T23:10:39.450Z,23.3971,121.6286,10,5,mwr,,172,0.304,0.47,us,us2000d669,2018-02-25T18:33:44.895Z,"64km S of Hualian, Taiwan",earthquake,2.2,2,0.066,22,reviewed,us,us
2018-02-21T22:09:17.440Z,14.3741,147.0227,10,4.8,mb,,71,1.471,1.03,us,us2000d657,2018-02-21T22:32:56.040Z,"164km ESE of JP Tinian Town pre-WW2, Northern Mariana Islands",earthquake,6,1.9,0.065,73,reviewed,us,us
2018-02-21T16:11:35.380Z,15.2681,-94.1409,52.34,4.7,mwr,,144,2.176,0.84,us,us2000d5wp,2018-02-22T07:53:33.040Z,"89km SSW of Paredon, Mexico",earthquake,7.6,6.9,0.061,26,reviewed,us,us
2018-02-21T14:53:07.630Z,-7.0926,129.4005,162.17,4.5,mb,,81,2.079,0.78,us,us2000d5vp,2018-02-22T09:27:14.040Z,"231km WNW of Saumlaki, Indonesia",earthquake,7.6,8.7,0.085,40,reviewed,us,us
2018-02-21T13:41:48.800Z,-37.2062,178.8599,36.21,4.7,mb,,192,0.566,1.17,us,us2000d5v7,2018-02-21T14:32:20.893Z,"169km NE of Opotiki, New Zealand",earthquake,10.7,7.2,0.123,20,reviewed,us,us
2018-02-21T13:13:25.580Z,-41.3257,-86.554,10,4.6,mb,,157,11.625,0.89,us,us2000d5uy,2018-02-21T13:30:13.040Z,"West Chile Rise",earthquake,14.6,1.9,0.111,24,reviewed,us,us
2018-02-21T10:27:55.070Z,-52.9015,9.9397,10,5.2,mb,,54,19.665,0.78,us,us2000d5tm,2018-02-21T10:47:07.040Z,"Southwest of Africa",earthquake,8.8,1.9,0.088,43,reviewed,us,us
2018-02-21T07:37:06.280Z,-4.2256,143.5776,134.72,4.7,mb,,70,4.359,0.92,us,us2000d5rx,2018-02-21T08:23:55.040Z,"57km WSW of Angoram, Papua New Guinea",earthquake,9.2,7.6,0.053,107,reviewed,us,us
2018-02-21T07:18:54.720Z,50.2076,155.237,140.26,4.8,mb,,136,3.284,0.61,us,us2000d5rs,2018-02-21T08:27:10.040Z,"82km SW of Severo-Kuril'sk, Russia",earthquake,11,7.6,0.038,217,reviewed,us,us
2018-02-21T01:44:42.560Z,-10.4646,115.5267,35,4.5,mb,,83,2.401,0.8,us,us2000d5p0,2018-02-21T02:19:11.543Z,"185km SSE of Kangin, Indonesia",earthquake,8.2,2,0.163,11,reviewed,us,us
2018-02-21T01:07:09.750Z,-18.9479,-69.2793,110.49,4.7,mww,,41,0.646,1.31,us,us2000d5nf,2018-02-21T12:21:16.503Z,"88km SSE of Putre, Chile",earthquake,6.7,4.5,0.071,19,reviewed,us,us
2018-02-21T00:33:10.630Z,-10.5016,120.356,51.94,4.5,mb,,42,2.623,0.79,us,us2000d5n4,2018-02-21T01:12:10.040Z,"36km SSW of Mbulung, Indonesia",earthquake,6.9,5.7,0.094,33,reviewed,us,us
2018-02-21T00:04:13.320Z,-0.7615,127.2178,65.9,4.9,mb,,85,1.53,0.63,us,us2000d5my,2018-02-21T00:21:26.040Z,"82km NW of Laiwui, Indonesia",earthquake,2.9,8.4,0.092,37,reviewed,us,us
2018-02-20T17:04:58.300Z,-20.8016,-174.0669,10,5,mb,,118,7.194,0.68,us,us2000d5g4,2018-02-21T19:17:17.040Z,"109km ENE of `Ohonua, Tonga",earthquake,12,1.9,0.061,87,reviewed,us,us
2018-02-20T15:02:07.360Z,-56.263,-27.5255,103.51,5.2,mb,,51,5.494,0.75,us,us2000d5d6,2018-02-20T15:46:36.040Z,"52km NNW of Visokoi Island, South Georgia and the South Sandwich Islands",earthquake,9.5,4.9,0.065,78,reviewed,us,us
2018-02-20T14:09:57.930Z,24.4672,100.8375,10,4.7,mb,,86,3.369,0.72,us,us2000d5bt,2018-02-20T15:01:52.040Z,"4km NNE of Jinping, China",earthquake,7.7,1.9,0.055,102,reviewed,us,us
2018-02-20T09:38:59.310Z,-25.3148,-70.5873,40.84,5,mww,,107,0.705,1.26,us,us2000d59b,2018-02-20T14:34:28.050Z,"14km NW of Taltal, Chile",earthquake,2.3,5.7,0.073,18,reviewed,us,us
2018-02-20T09:29:26.550Z,1.4963,124.4129,210.31,4.9,mb,,74,3.039,1.05,us,us2000d598,2018-02-20T09:45:21.040Z,"48km W of Manado, Indonesia",earthquake,8.1,6.8,0.081,48,reviewed,us,us
2018-02-20T07:59:45.310Z,-4.9709,151.8934,95.97,5,mb,,60,0.82,1.26,us,us2000d58j,2018-02-20T08:19:21.040Z,"79km SSW of Kokopo, Papua New Guinea",earthquake,8,6,0.048,135,reviewed,us,us
2018-02-20T07:08:01.420Z,-16.6,-69.696,177.6,4.6,mb,,114,1.533,1.29,us,us2000d57q,2018-02-20T07:28:09.040Z,"49km SSW of Juli, Peru",earthquake,7.2,5.3,0.068,65,reviewed,us,us
2018-02-20T06:28:46.880Z,15.6315,-94.7292,51.42,4.8,mb,,137,2.576,1.25,us,us2000d578,2018-02-20T11:19:02.252Z,"67km S of San Francisco del Mar, Mexico",earthquake,8.5,7.9,0.03,335,reviewed,us,us
2018-02-20T05:58:20.670Z,2.8225,133.2144,10,4.8,mb,,106,5.784,0.81,us,us2000d565,2018-02-20T07:01:38.040Z,"Palau region",earthquake,9.1,1.9,0.09,38,reviewed,us,us
2018-02-20T05:57:01.070Z,2.7311,133.125,10,4.7,mb,,103,5.68,1.19,us,us2000d55n,2018-02-20T06:21:39.040Z,"Palau region",earthquake,6.8,1.9,0.085,42,reviewed,us,us
2018-02-20T01:30:07.640Z,75.9994,7.1972,10,4.7,mb,,91,3.003,0.94,us,us2000d525,2018-02-20T01:48:18.040Z,"Greenland Sea",earthquake,7.7,1.9,0.052,114,reviewed,us,us
2018-02-20T00:53:04.480Z,-0.3722,-19.8699,10,5.3,mww,,99,14.951,0.8,us,us2000d51n,2018-02-20T01:12:08.040Z,"Central Mid-Atlantic Ridge",earthquake,10.4,1.9,0.073,18,reviewed,us,us
2018-02-20T00:39:03.710Z,53.5433,-164.8308,41.26,4.8,mb,,65,0.814,1.13,us,us2000d51e,2018-02-28T20:52:44.722Z,"90km SE of Akutan, Alaska",earthquake,8.6,6.7,0.038,214,reviewed,us,us
2018-02-19T22:05:56.420Z,84.7613,-4.4774,10,4.5,mb,,53,6.275,0.64,us,us2000d4z8,2018-02-23T02:56:14.040Z,"North of Svalbard",earthquake,9.3,1.9,0.044,153,reviewed,us,us
2018-02-19T20:54:29.720Z,12.3663,-89.5138,10,4.5,mb,,169,1.341,1.31,us,us2000d4xl,2018-02-20T19:21:50.040Z,"125km S of La Libertad, El Salvador",earthquake,8.3,2,0.075,52,reviewed,us,us
2018-02-19T20:48:28.730Z,5.9366,126.7617,139.94,4.5,mb,,121,1.627,0.75,us,us2000d4xz,2018-02-20T19:22:26.040Z,"79km SE of Pondaguitan, Philippines",earthquake,9.7,4.2,0.083,42,reviewed,us,us
2018-02-19T19:20:45.250Z,35.9965,44.8701,10,4.5,mb,,64,1.118,0.82,us,us2000d4wi,2018-02-20T17:43:10.040Z,"23km ESE of Kuysinjaq, Iraq",earthquake,4.8,1.9,0.07,59,reviewed,us,us
2018-02-19T18:16:05.270Z,19.4033,-108.4883,10,4.6,mb,,185,4.471,1.08,us,us2000d4up,2018-02-20T16:56:20.040Z,"270km ENE of Socorro Island, Mexico",earthquake,8.3,1.9,0.033,272,reviewed,us,us
2018-02-19T14:47:01.590Z,24.5863,121.6407,57.48,5,mb,,54,0.255,0.98,us,us2000d4r5,2018-02-23T00:43:12.040Z,"21km W of Su'ao, Taiwan",earthquake,5.3,4.4,0.048,136,reviewed,us,us
2018-02-19T11:02:00.120Z,34.3064,45.3878,10,4.6,mb,,100,0.853,1.12,us,us2000d4pf,2018-02-20T08:13:37.286Z,"46km WSW of Sarpol-e Zahab, Iran",earthquake,5.6,1.9,0.07,62,reviewed,us,us
2018-02-19T10:38:36.060Z,-4.7584,132.4402,28.58,5.3,mb,,95,1.837,1,us,us2000d4p2,2018-02-21T20:15:34.040Z,"106km NNW of Tual, Indonesia",earthquake,6.6,4.5,0.102,32,reviewed,us,us
2018-02-19T08:56:23.810Z,-15.8631,-74.0572,53.97,4.6,mb,,145,4.706,0.88,us,us2000d4mq,2018-02-19T09:10:58.040Z,"76km SE of Acari, Peru",earthquake,7.2,8.5,0.083,43,reviewed,us,us
2018-02-19T08:29:14.400Z,-4.4762,-103.873,10,4.5,mb,,203,14.087,0.61,us,us2000d4mf,2018-02-19T08:45:43.040Z,"Central East Pacific Rise",earthquake,12.3,2,0.099,30,reviewed,us,us
2018-02-19T06:57:01.830Z,16.4993,-97.579,40.17,5.9,mww,,120,1.418,0.93,us,us2000d4lg,2018-02-24T19:31:15.636Z,"32km NE of Santa Catarina Mechoacan, Mexico",earthquake,6.9,5.1,0.05,39,reviewed,us,us
2018-02-19T06:32:26.530Z,66.3642,-17.5375,10,4.5,mb,,104,2.262,0.89,us,us2000d4l6,2018-02-19T14:45:47.040Z,"36km NNW of Husavik, Iceland",earthquake,4,1.9,0.084,41,reviewed,us,us
2018-02-19T05:38:52.000Z,66.4843,-17.8018,10,5,mb,,58,2.276,1.08,us,us2000d4k6,2018-02-19T18:16:23.260Z,"53km NNW of Husavik, Iceland",earthquake,6.6,0.8,0.027,448,reviewed,us,us
2018-02-19T05:34:16.540Z,66.4335,-17.8462,10,4.8,mb,,66,2.226,1.21,us,us2000d4k4,2018-02-19T14:38:24.040Z,"48km NNW of Husavik, Iceland",earthquake,6,1.9,0.035,250,reviewed,us,us
2018-02-19T01:50:36.730Z,4.0988,-76.6073,102.6,4.8,mb,,63,2.396,0.97,us,us2000d4he,2018-02-20T16:33:05.894Z,"32km NNW of Restrepo, Colombia",earthquake,7.4,6.5,0.033,279,reviewed,us,us
2018-02-18T18:31:36.010Z,32.7615,132.1441,47.78,4.9,mww,,60,1.125,1.14,us,us2000d4a3,2018-02-19T14:48:39.835Z,"30km SE of Saiki, Japan",earthquake,5.6,6.3,0.073,18,reviewed,us,us
2018-02-18T16:16:38.610Z,-41.0769,42.9468,10,4.8,mb,,73,8.379,0.79,us,us2000d48s,2018-02-28T17:55:24.040Z,"Prince Edward Islands region",earthquake,11.7,1.8,0.139,20,reviewed,us,us
2018-02-18T15:14:30.460Z,7.6069,-78.7771,10,4.5,mb,,102,1.871,0.76,us,us2000d47k,2018-02-28T16:51:16.040Z,"67km W of Jaque, Panama",earthquake,7.3,1.9,0.093,34,reviewed,us,us
2018-02-18T14:55:33.830Z,7.5807,-78.828,10,5.1,mb,,54,1.865,0.84,us,us2000d47c,2018-02-28T16:50:08.978Z,"72km W of Jaque, Panama",earthquake,5.1,1.8,0.031,348,reviewed,us,us
2018-02-18T10:01:41.790Z,37.1463,140.1669,106.59,4.6,mb,,115,0.875,0.71,us,us2000d45b,2018-02-19T07:10:46.712Z,"22km NNE of Kuroiso, Japan",earthquake,6.6,6.7,0.065,70,reviewed,us,us
2018-02-18T07:43:46.400Z,-39.9462,176.2841,18.69,4.7,mwr,,96,0.733,1.12,us,us2000d43z,2018-02-19T10:48:29.009Z,"59km SW of Hastings, New Zealand",earthquake,4.1,4.1,0.049,40,reviewed,us,us
2018-02-18T07:26:56.060Z,-6.0345,147.3428,95.4,4.6,mb,,81,3.353,0.97,us,us2000d43u,2018-02-18T07:45:31.040Z,"85km NNE of Lae, Papua New Guinea",earthquake,8.7,8.7,0.101,29,reviewed,us,us
2018-02-18T07:04:43.910Z,-6.0462,100.7918,10.84,4.9,mb,,100,2.729,0.82,us,us2000d43n,2018-02-21T06:55:55.482Z,"297km SSW of Bengkulu, Indonesia",earthquake,7.6,4.3,0.072,60,reviewed,us,us
2018-02-18T04:47:21.860Z,-4.9053,130.486,115.18,5,mww,,17,2.643,0.92,us,us2000d42b,2018-02-18T21:57:08.040Z,"246km SE of Amahai, Indonesia",earthquake,6.5,4.5,0.073,18,reviewed,us,us
2018-02-18T03:44:13.020Z,32.3208,105.2472,16.66,4.8,mb,,47,4.167,0.75,us,us2000d41s,2018-02-18T05:58:16.040Z,"4km WNW of Qifo, China",earthquake,8.5,3.9,0.049,129,reviewed,us,us
2018-02-18T02:54:54.470Z,-58.5765,-25.9211,62.28,5.3,mb,,27,7.265,0.81,us,us2000d41i,2018-02-26T02:23:44.040Z,"61km NE of Bristol Island, South Sandwich Islands",earthquake,9.2,4.5,0.051,127,reviewed,us,us
2018-02-18T00:25:40.460Z,-6.299,154.2172,10,4.6,mb,,62,2.926,0.75,us,us2000d40g,2018-02-18T00:46:33.040Z,"140km W of Panguna, Papua New Guinea",earthquake,4.3,1.9,0.103,28,reviewed,us,us
2018-02-17T21:30:45.100Z,16.6266,-97.7892,20.78,5.1,mww,,154,1.191,0.79,us,us2000d3yq,2018-02-19T07:14:47.266Z,"25km SE of Santa Maria Zacatepec, Mexico",earthquake,8.5,4.8,0.066,22,reviewed,us,us
2018-02-17T18:56:27.200Z,-8.9446,110.9868,63.1,4.9,mb,,53,1.123,0.78,us,us2000d3xf,2018-02-22T14:50:08.581Z,"88km SSW of Sukorejo, Indonesia",earthquake,6.2,6.3,0.075,56,reviewed,us,us
2018-02-17T15:13:57.550Z,-6.3576,154.3482,33.02,5,mww,,64,3.06,1.12,us,us2000d3va,2018-02-17T15:35:54.040Z,"125km W of Panguna, Papua New Guinea",earthquake,5.1,5.9,0.073,18,reviewed,us,us
2018-02-17T08:32:14.120Z,-0.776,133.8341,37.14,4.6,mb,,116,2.653,0.77,us,us2000d3t8,2018-02-17T15:39:44.686Z,"29km WNW of Manokwari, Indonesia",earthquake,10.3,7.5,0.089,38,reviewed,us,us
2018-02-17T05:31:00.760Z,3.174,126.8191,57.94,4.7,mb,,106,2.448,0.98,us,us2000d3rh,2018-02-17T05:58:42.040Z,"207km NW of Tobelo, Indonesia",earthquake,9.9,8.5,0.082,45,reviewed,us,us
2018-02-17T05:18:29.930Z,-53.3789,25.5868,10,5,mb,,74,20.658,0.43,us,us2000d3r2,2018-02-17T05:38:30.040Z,"South of Africa",earthquake,7.3,1.9,0.089,40,reviewed,us,us
2018-02-17T03:54:44.190Z,16.4307,-97.5148,10,5,mb,,147,1.509,1.11,us,us2000d3ql,2018-02-17T21:49:07.292Z,"24km NW of San Miguel Panixtlahuaca, Mexico",earthquake,8.5,1.9,0.027,437,reviewed,us,us
2018-02-17T01:55:41.590Z,-7.5909,128.1083,127.32,4.9,mb,,33,3.185,0.98,us,us2000d3q5,2018-02-17T02:13:35.040Z,"299km ENE of Dili, East Timor",earthquake,6.5,7,0.08,50,reviewed,us,us
2018-02-17T00:36:53.650Z,16.2069,-97.7509,8.87,5.8,mww,,143,1.558,1.17,us,us2000d3m0,2018-02-19T07:37:08.440Z,"10km SE of Santiago Jamiltepec, Mexico",earthquake,7.2,4,0.073,18,reviewed,us,us
2018-02-17T00:28:27.760Z,-9.4678,117.6874,78.74,4.7,mb,,52,3.63,0.78,us,us2000d3lw,2018-02-17T01:09:51.449Z,"74km S of Pisangkemeng, Indonesia",earthquake,7.5,7.5,0.073,56,reviewed,us,us
2018-02-17T00:25:16.370Z,18.8225,-73.6053,12.81,4.6,mb,,37,1.273,0.76,us,us2000d3lu,2018-02-18T02:41:24.957Z,"34km NNW of Petit Trou de Nippes, Haiti",earthquake,5.5,4.4,0.038,212,reviewed,us,us
2018-02-16T23:39:42.210Z,16.6459,-97.653,24.65,7.2,mww,,80,1.262,1.37,us,us2000d3km,2018-02-27T05:00:15.380Z,"37km NE of Pinotepa de Don Luis, Mexico",earthquake,5,2.4,0.073,18,reviewed,us,us
2018-02-16T21:53:23.030Z,14.5477,146.7728,54.16,4.7,mb,,122,1.174,0.67,us,us2000d3j0,2018-02-16T22:34:58.040Z,"131km SE of Saipan, Northern Mariana Islands",earthquake,10,8,0.06,84,reviewed,us,us
2018-02-16T16:46:36.220Z,32.9748,140.1006,135.79,4.5,mb,,128,0.278,1.07,us,us2000d3aj,2018-02-16T17:09:34.040Z,"30km ESE of Hachijo-jima, Japan",earthquake,8.8,4.4,0.099,30,reviewed,us,us
2018-02-16T13:28:11.440Z,-7.7241,106.4171,63.13,4.6,mb,,70,2.841,1.31,us,us2000d37h,2018-02-16T15:24:30.903Z,"41km SSW of Cibungur, Indonesia",earthquake,6.1,9.1,0.102,29,reviewed,us,us
2018-02-16T11:50:33.480Z,-29.3515,-69.4711,108.29,4.7,mww,,50,0.826,1.18,us,us2000d362,2018-02-16T12:18:22.634Z,"120km NW of San Jose de Jachal, Argentina",earthquake,7.3,6.3,0.073,18,reviewed,us,us
2018-02-16T11:43:32.690Z,13.001,-90.2614,28.85,4.9,mb,,152,1.212,1.2,us,us2000d364,2018-02-16T12:17:06.040Z,"80km SW of Acajutla, El Salvador",earthquake,7,6.2,0.026,450,reviewed,us,us
2018-02-16T11:01:27.470Z,12.7222,-88.0969,64.18,4.9,mb,,84,1.021,1.22,us,us2000d35e,2018-02-16T11:42:56.040Z,"52km S of Intipuca, El Salvador",earthquake,6.3,5,0.026,471,reviewed,us,us
2018-02-16T10:03:05.690Z,85.3247,92.1222,10,5.1,mb,,40,14.719,1.01,us,us2000d34y,2018-02-16T10:25:58.040Z,"North of Severnaya Zemlya",earthquake,10.8,1.9,0.038,221,reviewed,us,us
2018-02-16T08:40:21.900Z,-4.0935,129.5341,43.63,5.3,mb,,41,2.95,0.6,us,us2000d344,2018-02-17T17:44:04.040Z,"108km SE of Amahai, Indonesia",earthquake,7.1,7.1,0.066,76,reviewed,us,us
2018-02-16T08:01:26.640Z,-5.902,-80.9766,25,4.7,mb,,119,1.831,0.88,us,us2000d33r,2018-02-16T13:33:04.958Z,"41km SSW of Sechura, Peru",earthquake,8.4,6.6,0.077,52,reviewed,us,us
2018-02-16T07:56:07.650Z,-22.5545,-178.1999,351.32,4.8,mb,,105,6.667,0.84,us,us2000d33l,2018-02-16T08:12:08.040Z,"217km SSE of Ndoi Island, Fiji",earthquake,12.5,8.5,0.072,59,reviewed,us,us
2018-02-16T05:13:05.320Z,-7.6445,105.8817,30.82,4.8,mb,,58,2.827,0.83,us,us2000d31t,2018-02-16T05:35:39.040Z,"70km WSW of Gunungbatu, Indonesia",earthquake,6.5,5.5,0.08,48,reviewed,us,us
2018-02-16T02:28:53.950Z,14.4627,146.9231,12.18,5,mb,,37,1.342,0.48,us,us2000d30v,2018-02-16T03:20:34.040Z,"150km ESE of Saipan, Northern Mariana Islands",earthquake,9.3,4.2,0.042,176,reviewed,us,us
2018-02-16T01:54:44.960Z,15.8171,-94.871,49.11,4.6,mwr,,144,2.669,0.97,us,us2000d30g,2018-02-17T00:56:38.430Z,"44km SSE of San Mateo del Mar, Mexico",earthquake,8.4,7.9,0.098,10,reviewed,us,us
2018-02-16T01:03:28.600Z,12.5039,-87.6284,80.76,4.7,mb,,152,0.596,0.83,us,us2000d303,2018-02-16T01:49:50.040Z,"32km SW of Jiquilillo, Nicaragua",earthquake,6.1,6.3,0.028,381,reviewed,us,us
2018-02-16T00:18:54.040Z,-5.7796,-81.0561,25.5,4.5,mwr,,118,1.779,0.85,us,us2000d2zi,2018-02-26T01:39:59.235Z,"35km SW of Sechura, Peru",earthquake,5.6,4.5,0.083,14,reviewed,us,us
2018-02-16T00:00:15.380Z,51.6903,-176.8199,50.86,5.2,mww,,84,0.21,0.89,us,us2000d2yz,2018-02-26T01:35:53.759Z,"23km SSW of Adak, Alaska",earthquake,6.3,3.9,0.05,39,reviewed,us,us
2018-02-15T23:36:21.650Z,-27.8091,-71.6736,10.13,4.6,mwr,,117,0.66,1.09,us,us2000d2yd,2018-02-16T00:06:52.040Z,"123km NW of Vallenar, Chile",earthquake,3.1,4.5,0.029,118,reviewed,us,us
2018-02-15T20:41:53.440Z,-4.9126,102.9962,59.57,4.5,mb,,116,0.549,1.02,us,us2000d2v3,2018-02-20T22:46:16.040Z,"91km W of Kuripan, Indonesia",earthquake,9.6,5.5,0.07,60,reviewed,us,us
2018-02-15T18:45:45.900Z,56.1719,-149.3706,11.21,4.5,mb,,171,2.387,0.83,us,us2000d2sf,2018-02-27T02:56:27.661Z,"257km SE of Kodiak, Alaska",earthquake,7,6.1,0.204,7,reviewed,us,us
2018-02-15T15:39:55.210Z,-3.5911,144.5666,32.46,4.7,mb,,50,3.191,0.95,us,us2000d2mx,2018-02-16T15:36:40.040Z,"76km NE of Angoram, Papua New Guinea",earthquake,9.3,5.8,0.065,73,reviewed,us,us
2018-02-15T11:40:05.770Z,-5.2723,151.3959,121.33,5.2,mww,,65,1.318,0.79,us,us2000d2kz,2018-02-17T18:59:51.040Z,"140km SW of Kokopo, Papua New Guinea",earthquake,8.7,6.2,0.073,18,reviewed,us,us
2018-02-15T10:17:27.640Z,35.7732,82.2256,32.65,4.7,mb,,72,6.876,1.27,us,us2000d2kb,2018-02-15T10:42:09.040Z,"253km SE of Hotan, China",earthquake,7.7,4.8,0.071,60,reviewed,us,us
2018-02-15T09:31:16.590Z,-22.3707,-176.1207,9.31,5,mb,,43,6.658,0.5,us,us2000d2k8,2018-02-15T10:24:57.040Z,"160km SW of Vaini, Tonga",earthquake,6.3,3.7,0.048,138,reviewed,us,us
2018-02-15T08:27:22.050Z,-0.0699,-17.8353,10,5.6,mww,,79,14.579,0.62,us,us2000d2jg,2018-02-16T16:52:41.040Z,"North of Ascension Island",earthquake,10.5,1.9,0.068,21,reviewed,us,us
2018-02-15T08:08:55.060Z,-3.0967,148.2815,10,5.3,mb,,78,1.389,1.21,us,us2000d2jc,2018-02-17T17:28:05.040Z,"163km SE of Lorengau, Papua New Guinea",earthquake,7.9,1.9,0.064,81,reviewed,us,us
2018-02-14T23:58:53.850Z,34.906,86.9784,10,4.7,mb,,67,6.927,0.43,us,us2000d2f6,2018-02-15T00:19:57.040Z,"Western Xizang",earthquake,9,1.9,0.069,64,reviewed,us,us
2018-02-14T22:33:53.670Z,-1.3091,120.6115,23.53,4.6,mb,,80,2.176,0.93,us,us2000d2df,2018-02-14T23:15:30.678Z,"13km NNW of Kasiguncu, Indonesia",earthquake,6,6.6,0.085,41,reviewed,us,us
2018-02-14T21:28:54.890Z,-1.2731,120.6135,10,4.9,mb,,60,2.169,0.74,us,us2000d2c0,2018-02-14T22:15:35.040Z,"17km NNW of Kasiguncu, Indonesia",earthquake,5.9,1.9,0.071,62,reviewed,us,us
2018-02-14T20:19:29.880Z,-9.8497,161.5963,47.9,4.8,mb,,107,1.676,0.94,us,us2000d29z,2018-02-14T23:53:43.040Z,"75km NNW of Kirakira, Solomon Islands",earthquake,10.4,6.8,0.074,56,reviewed,us,us
2018-02-14T14:57:33.770Z,-16.1974,177.9905,10,5,mb,,137,21.563,0.78,us,us2000d213,2018-02-14T16:02:59.040Z,"150km W of Lambasa, Fiji",earthquake,16.8,1.9,0.055,106,reviewed,us,us
2018-02-14T12:32:53.710Z,37.9481,72.7825,134.35,4.5,mb,,80,1.936,0.46,us,us2000d1yn,2018-02-14T12:47:33.040Z,"106km WSW of Murghob, Tajikistan",earthquake,7.4,7.9,0.121,20,reviewed,us,us
2018-02-14T08:35:35.020Z,15.6827,-95.4798,25.33,4.9,mb,,144,3.27,0.92,us,us2000d1wu,2018-02-16T23:52:24.060Z,"61km SSW of Salina Cruz, Mexico",earthquake,8.7,5.6,0.03,345,reviewed,us,us
2018-02-14T07:14:01.670Z,18.724,95.2511,81.37,4.7,mb,,136,2.637,0.59,us,us2000d1w1,2018-02-14T07:32:41.040Z,"10km SSE of Prome, Burma",earthquake,3.8,7.4,0.081,47,reviewed,us,us
2018-02-14T05:46:07.380Z,0.0035,97.3691,26.63,4.7,mb,,136,1.308,0.74,us,us2000d1v4,2018-02-14T13:48:36.191Z,"219km NW of Sikabaluan, Indonesia",earthquake,9.4,6.7,0.102,29,reviewed,us,us
2018-02-14T00:05:30.340Z,-5.9984,133.8029,10,5.5,mb,,45,3.172,0.85,us,us2000d1rb,2018-02-16T17:22:13.040Z,"52km WSW of Dobo, Indonesia",earthquake,7,1.9,0.055,114,reviewed,us,us
2018-02-13T20:19:45.240Z,-48.6847,123.616,10,4.8,mb,,129,16.455,0.8,us,us2000d1lz,2018-02-14T17:34:56.040Z,"Western Indian-Antarctic Ridge",earthquake,14.9,1.9,0.103,29,reviewed,us,us
2018-02-13T18:48:55.140Z,-2.8501,141.8046,36.51,5.1,mb,,55,5.614,0.55,us,us2000d1kj,2018-02-14T17:12:48.040Z,"59km ESE of Vanimo, Papua New Guinea",earthquake,6.4,6.8,0.05,127,reviewed,us,us
2018-02-13T16:59:20.190Z,13.8001,146.66,10,4.5,mb,,231,1.662,0.66,us,us2000d6y6,2018-02-27T21:59:20.040Z,"162km ESE of Rota, Northern Mariana Islands",earthquake,5.5,2,0.172,10,reviewed,us,us
2018-02-13T14:06:32.070Z,18.803,145.4961,223.12,4.5,mb,,99,3.553,0.59,us,us2000d1fw,2018-02-27T18:19:04.040Z,"18km WNW of Agrihan, Northern Mariana Islands",earthquake,9.9,7.6,0.051,111,reviewed,us,us
2018-02-13T13:25:08.120Z,31.092,138.2442,10,4.5,mb,,105,2.406,0.88,us,us2000d6y0,2018-02-27T17:38:09.040Z,"265km SW of Hachijo-jima, Japan",earthquake,7.6,1.9,0.104,27,reviewed,us,us
2018-02-13T05:35:00.040Z,1.6856,127.2472,123.64,4.9,mb,,108,0.915,0.72,us,us2000d1bc,2018-02-13T13:55:10.040Z,"84km W of Tobelo, Indonesia",earthquake,9.6,7.3,0.085,43,reviewed,us,us
2018-02-13T02:39:53.810Z,12.3644,93.1316,69.37,5.6,mb,,28,6.168,0.88,us,us2000d1a1,2018-02-13T17:11:43.040Z,"86km NNE of Bamboo Flat, India",earthquake,8.6,4.4,0.04,217,reviewed,us,us
2018-02-13T02:31:09.150Z,13.7393,146.3945,10,5.6,mb,,95,1.49,1.18,us,us2000d1a0,2018-02-13T16:54:39.040Z,"136km ESE of Rota, Northern Mariana Islands",earthquake,8.1,1.9,0.053,125,reviewed,us,us
2018-02-13T02:03:03.590Z,13.8221,146.4707,10,5.7,mww,,161,1.557,0.99,us,us2000d18y,2018-02-13T22:00:26.040Z,"141km ESE of Rota, Northern Mariana Islands",earthquake,8.7,1.9,0.071,19,reviewed,us,us
2018-02-13T01:18:51.920Z,13.9004,146.1171,41.02,4.9,mb,,205,1.252,1.06,us,us2000d18l,2018-02-13T03:18:43.040Z,"102km ESE of Rota, Northern Mariana Islands",earthquake,11.3,9.9,0.066,71,reviewed,us,us
2018-02-13T01:11:43.320Z,13.8511,146.4045,11.59,5.4,mb,,142,1.504,0.87,us,us2000d18h,2018-02-13T21:18:32.040Z,"134km ESE of Rota, Northern Mariana Islands",earthquake,7.9,6,0.072,65,reviewed,us,us
2018-02-13T00:50:54.960Z,-9.376,126.3634,35,4.5,mb,,52,2.101,0.99,us,us2000d18c,2018-02-13T01:22:55.040Z,"103km ESE of Ainaro, East Timor",earthquake,6.3,2,0.128,18,reviewed,us,us
2018-02-12T23:01:18.000Z,28.0721,128.0438,36.62,4.5,mb,,84,1.248,0.68,us,us2000d17a,2018-02-12T23:33:44.040Z,"145km WSW of Naze, Japan",earthquake,7.2,4.2,0.099,30,reviewed,us,us
2018-02-12T20:05:15.520Z,38.7399,144.6137,10,4.5,mb,,127,3.131,0.98,us,us2000d13w,2018-02-12T21:19:36.040Z,"243km ESE of Kamaishi, Japan",earthquake,6,1.9,0.073,55,reviewed,us,us
2018-02-12T14:27:02.290Z,-4.7166,154.3564,187.29,4.5,mb,,125,2.247,0.65,us,us2000d6f1,2018-02-25T19:43:04.040Z,"149km E of Taron, Papua New Guinea",earthquake,12.4,8.5,0.113,23,reviewed,us,us
2018-02-12T10:31:32.380Z,38.2234,115.8472,10,4.6,mb,,165,9.533,0.47,us,us2000d0va,2018-02-13T08:41:27.059Z,"56km NNE of Hengshui, China",earthquake,12.1,2,0.103,28,reviewed,us,us
2018-02-12T09:56:54.440Z,-2.0957,100.6143,67.05,4.6,mb,,170,2.443,0.68,us,us2000d0v9,2018-02-12T10:42:40.040Z,"82km S of Painan, Indonesia",earthquake,9,8.2,0.098,31,reviewed,us,us
2018-02-12T07:41:00.960Z,36.9281,71.5092,10,4.5,mb,,99,0.772,1.16,us,us2000d0uc,2018-02-12T11:10:43.040Z,"24km NNW of Ishkashim, Tajikistan",earthquake,4.6,1.9,0.113,23,reviewed,us,us
2018-02-12T02:48:37.280Z,-4.4142,143.62,109.8,4.8,mb,,87,4.419,0.75,us,us2000d0rb,2018-03-01T03:51:57.040Z,"62km SW of Angoram, Papua New Guinea",earthquake,9.6,7.8,0.05,124,reviewed,us,us
2018-02-12T02:41:01.880Z,-30.5626,-178.3676,10,4.5,mb,,156,1.367,0.93,us,us2000d6el,2018-03-01T00:16:05.040Z,"109km NNE of L'Esperance Rock, New Zealand",earthquake,12.5,1.9,0.157,12,reviewed,us,us
2018-02-12T02:01:34.120Z,11.5578,-60.4766,45.85,4.5,mb,,151,1.286,0.83,us,us2000d0qt,2018-02-28T23:22:38.040Z,"35km NNE of Roxborough, Trinidad and Tobago",earthquake,7.4,10.4,0.076,51,reviewed,us,us
2018-02-12T00:52:33.560Z,6.0927,133.6609,10,5,mb,,65,8.087,0.7,us,us2000d0qi,2018-02-12T01:15:40.040Z,"103km SSW of Angaur State, Palau",earthquake,8.7,1.8,0.047,145,reviewed,us,us
2018-02-11T23:44:22.130Z,15.6058,-92.8324,123.52,4.5,mb,,133,0.948,1.11,us,us2000d0qb,2018-02-24T03:10:43.040Z,"20km NNE of Mapastepec, Mexico",earthquake,7.2,5.6,0.041,175,reviewed,us,us
2018-02-11T23:14:15.080Z,13.8205,146.4377,10,6,mww,,15,1.542,0.73,us,us2000d0p1,2018-02-26T00:51:39.784Z,"138km ESE of Rota, Northern Mariana Islands",earthquake,7.2,1.7,0.057,30,reviewed,us,us
2018-02-11T21:06:22.900Z,-31.341,-176.2285,37.57,5.1,mb,,247,2.554,1.44,us,us2000d0mg,2018-02-11T21:23:24.040Z,"254km E of L'Esperance Rock, New Zealand",earthquake,11.5,8.4,0.122,22,reviewed,us,us
2018-02-11T18:06:39.000Z,-16.0804,-74.5875,49.57,4.6,mb,,140,4.619,1.3,us,us2000d0l2,2018-02-12T17:14:13.002Z,"71km S of Acari, Peru",earthquake,9.3,15.1,0.173,10,reviewed,us,us
2018-02-11T16:38:14.730Z,-20.919,-179.1396,631.16,5.5,mww,,90,8.362,0.69,us,us2000d0k7,2018-02-25T17:29:43.214Z,"54km WSW of Ndoi Island, Fiji",earthquake,12,6,0.089,12,reviewed,us,us
2018-02-11T15:51:13.650Z,-0.1595,123.2836,129.79,4.5,mb,,81,1.014,1.07,us,us2000d5xp,2018-02-25T16:21:22.040Z,"60km S of Bilungala, Indonesia",earthquake,7,4.3,0.084,42,reviewed,us,us
2018-02-11T15:19:01.640Z,6.1736,133.522,10,4.6,mb,,126,8.155,0.57,us,us2000d5xn,2018-02-21T21:55:00.040Z,"105km SW of Angaur State, Palau",earthquake,13.6,1.9,0.101,29,reviewed,us,us
2018-02-11T14:49:31.840Z,42.8508,145.6963,45.7,4.5,mb,,183,2.056,0.42,us,us2000d0jf,2018-02-21T21:12:34.040Z,"53km S of Nemuro, Japan",earthquake,4.7,10.6,0.128,18,reviewed,us,us
2018-02-11T10:29:23.410Z,8.1718,-83.0015,11.99,5.3,mww,,141,0.394,0.95,us,us2000d0ik,2018-02-23T09:19:59.509Z,"19km SW of Puerto Armuelles, Panama",earthquake,4.6,4.1,0.056,31,reviewed,us,us
2018-02-11T07:31:02.980Z,32.392,140.4726,10,4.8,mb,,92,0.91,1.16,us,us2000d0hg,2018-02-11T08:39:12.197Z,"99km SE of Hachijo-jima, Japan",earthquake,3.4,1.8,0.035,260,reviewed,us,us
2018-02-11T07:05:22.920Z,2.1482,128.4372,70.89,4.9,mb,,110,1.736,0.71,us,us2000d0hd,2018-02-11T07:28:05.040Z,"66km NE of Tobelo, Indonesia",earthquake,8.1,7.9,0.055,106,reviewed,us,us
2018-02-11T04:11:09.680Z,-16.6587,-74.1634,10,5.4,mww,,61,4.024,0.89,us,us2000d0gd,2018-02-28T05:37:54.725Z,"144km SSE of Acari, Peru",earthquake,7,1.7,0.052,35,reviewed,us,us
2018-02-11T00:10:32.550Z,-52.9736,10.3338,10,5,mb,,98,19.644,0.72,us,us2000d0fu,2018-02-28T04:14:40.040Z,"Southwest of Africa",earthquake,9.3,1.8,0.113,25,reviewed,us,us
2018-02-10T22:50:48.880Z,-3.8048,151.9177,267.98,5.8,mww,,16,0.455,0.83,us,us2000d0ex,2018-02-13T19:10:13.040Z,"51km NNW of Rabaul, Papua New Guinea",earthquake,8.3,4.6,0.06,27,reviewed,us,us
2018-02-10T20:03:04.590Z,36.0877,129.3073,10,4.7,mww,,35,1.558,0.66,us,us2000d0cy,2018-02-12T16:24:20.459Z,"4km SW of Heung-hai, South Korea",earthquake,4.5,1.8,0.078,16,reviewed,us,us
2018-02-10T16:08:32.260Z,18.4809,145.651,211.09,4.9,mb,,117,3.224,1.08,us,us2000d0ab,2018-02-10T16:23:14.040Z,"31km S of Agrihan, Northern Mariana Islands",earthquake,10.1,7.9,0.072,61,reviewed,us,us
2018-02-10T16:00:09.250Z,46.6646,155.3059,27.51,4.6,mb,,181,6.632,0.86,us,us2000d0as,2018-02-10T16:57:22.040Z,"East of the Kuril Islands",earthquake,12.5,7,0.056,95,reviewed,us,us
2018-02-10T15:27:32.790Z,-6.6993,150.3254,50.83,4.5,mb,,141,3.091,0.79,us,us2000d09v,2018-02-10T15:53:26.040Z,"101km ESE of Kandrian, Papua New Guinea",earthquake,9.3,8.2,0.135,16,reviewed,us,us
2018-02-10T11:04:14.250Z,15.1515,-92.2695,99.73,5,mww,,69,0.758,1.16,us,us2000d07k,2018-02-23T09:00:44.850Z,"18km NE of Huehuetan, Mexico",earthquake,7.7,3.9,0.061,26,reviewed,us,us
2018-02-10T09:45:20.760Z,-42.034,88.1544,10,4.9,mb,,60,24.711,0.47,us,us2000d06z,2018-02-10T10:08:54.040Z,"Southeast Indian Ridge",earthquake,11.2,1.9,0.093,36,reviewed,us,us
2018-02-10T06:48:10.580Z,-58.7024,-25.1918,10,4.6,mb,,175,15.875,0.34,us,us2000d5d1,2018-02-28T07:52:02.040Z,"84km ENE of Bristol Island, South Sandwich Islands",earthquake,12.1,1.9,0.152,13,reviewed,us,us
2018-02-10T00:31:18.600Z,-8.9508,117.1487,100.5,4.9,mb,,59,3,1.19,us,us2000d00q,2018-02-26T00:19:40.891Z,"36km ESE of Besisora, Indonesia",earthquake,6.5,5.6,0.082,46,reviewed,us,us
2018-02-09T23:59:24.230Z,-21.3996,-179.2817,604.22,5.6,mww,,18,7.907,0.79,us,us2000d004,2018-02-26T00:18:07.243Z,"102km SW of Ndoi Island, Fiji",earthquake,8,3.4,0.069,20,reviewed,us,us
2018-02-09T23:52:15.170Z,-5.0027,67.9743,10,4.6,mb,,64,5.054,0.92,us,us2000d4vg,2018-02-24T23:59:31.040Z,"Carlsberg Ridge",earthquake,10.1,1.9,0.091,36,reviewed,us,us
2018-02-09T22:53:12.320Z,-15.3723,-173.0365,10,5.1,mb,,38,1.897,0.9,us,us2000czzi,2018-02-25T23:47:42.040Z,"99km NE of Hihifo, Tonga",earthquake,8.2,1.7,0.028,430,reviewed,us,us
2018-02-09T19:55:13.910Z,51.6244,177.3083,34.19,5.1,mww,,66,1.269,0.83,us,us2000czsn,2018-02-20T01:16:26.190Z,"56km SSW of Kiska Volcano, Alaska",earthquake,8.3,3.6,0.086,13,reviewed,us,us
2018-02-09T18:43:09.380Z,24.019,121.8215,10,4.6,mb,,33,0.258,0.87,us,us2000czr7,2018-02-10T16:09:41.040Z,"22km ENE of Hualian, Taiwan",earthquake,2.6,1.7,0.062,76,reviewed,us,us
2018-02-09T17:43:37.240Z,18.632,-61.9848,43.62,5.2,mww,,26,1.185,0.73,us,us2000czp4,2018-02-10T18:18:36.040Z,"111km N of Codrington, Barbuda",earthquake,4.9,3.9,0.086,13,reviewed,us,us
2018-02-09T16:50:05.970Z,19.1343,-64.8455,25.01,4.5,mwr,,144,1.37,1.17,us,us2000czm4,2018-02-09T19:30:52.707Z,"83km NNW of Road Town, British Virgin Islands",earthquake,5.8,5,0.048,42,reviewed,us,us
2018-02-09T14:58:05.930Z,22.2796,100.9456,10,4.6,mb,,59,1.601,1.07,us,us2000czk0,2018-02-23T08:57:16.928Z,"38km NE of Jinghong, China",earthquake,6.1,1.9,0.075,53,reviewed,us,us
2018-02-09T14:05:48.210Z,18.9839,-104.6315,12,5.8,mww,,89,3.281,1.47,us,us2000czig,2018-02-23T08:50:47.805Z,"26km SSE of San Patricio, Mexico",earthquake,5,1.6,0.044,49,reviewed,us,us
2018-02-09T12:39:10.540Z,-23.933,-66.7565,202.19,4.5,mww,,38,1.63,1.36,us,us2000czh3,2018-02-09T13:06:10.040Z,"54km NW of San Antonio de los Cobres, Argentina",earthquake,7.4,6.9,0.073,18,reviewed,us,us
2018-02-09T11:43:56.070Z,-17.8875,-178.6641,545.18,5.9,mww,,35,7.715,0.73,us,us2000czgc,2018-02-14T15:04:56.277Z,"263km SE of Lambasa, Fiji",earthquake,9.9,6,0.058,29,reviewed,us,us
2018-02-09T11:00:38.750Z,32.795,111.7388,10,4.8,mb,,29,3.158,1.02,us,us2000czg8,2018-02-09T12:35:34.040Z,"34km WNW of Dengzhou, China",earthquake,7.6,1.9,0.05,123,reviewed,us,us
2018-02-09T09:18:06.220Z,-18.0575,-178.4513,598.08,4.5,mb,,74,8.148,1.03,us,us2000czf5,2018-02-09T10:07:30.040Z,"288km N of Ndoi Island, Fiji",earthquake,13.4,7.2,0.032,292,reviewed,us,us
2018-02-09T08:22:34.270Z,56.3576,-149.2464,15.18,4.5,mb,,139,2.315,1.28,us,us2000czef,2018-02-28T07:13:29.040Z,"249km SE of Kodiak, Alaska",earthquake,6.3,5,0.069,62,reviewed,us,us
2018-02-09T07:17:19.920Z,-0.0942,-18.1742,10,4.9,mb,,65,8.521,0.78,us,us2000czd7,2018-02-28T07:02:26.040Z,"Central Mid-Atlantic Ridge",earthquake,9.6,1.9,0.099,32,reviewed,us,us
2018-02-09T02:14:02.030Z,23.8936,121.6365,10,4.7,mb,,95,0.281,0.65,us,us2000cz9q,2018-02-09T02:45:43.040Z,"9km SSE of Hualian, Taiwan",earthquake,2.1,1.9,0.09,37,reviewed,us,us
2018-02-08T23:29:00.460Z,-3.1895,150.3416,10,4.7,mb,,40,2.072,0.88,us,us2000cz8q,2018-02-13T06:28:39.040Z,"84km SW of Kavieng, Papua New Guinea",earthquake,7.9,1.9,0.075,54,reviewed,us,us
2018-02-08T21:37:06.670Z,-37.437,-74.0637,10,4.6,mb,,136,0.98,0.79,us,us2000cz50,2018-02-13T06:23:19.686Z,"41km WNW of Lebu, Chile",earthquake,6.3,2,0.165,11,reviewed,us,us
2018-02-08T21:19:24.820Z,-37.4387,-73.9794,4.3,5.6,mww,,45,0.934,1.04,us,us2000cz4c,2018-02-24T05:16:48.382Z,"35km NW of Lebu, Chile",earthquake,5.3,2.5,0.066,22,reviewed,us,us
2018-02-08T20:58:48.310Z,32.8745,93.3826,10,4.8,mb,,35,3.704,0.94,us,us2000cz40,2018-02-28T20:10:43.040Z,"116km NNW of Zaindainxoi, China",earthquake,8.4,1.9,0.051,117,reviewed,us,us
2018-02-08T18:33:29.200Z,-6.0255,153.9908,12.69,5,mb,,64,2.575,1.24,us,us2000cyzy,2018-02-28T19:47:38.040Z,"168km W of Panguna, Papua New Guinea",earthquake,8.3,4.9,0.071,64,reviewed,us,us
2018-02-08T14:34:21.490Z,36.0189,139.2102,72.71,4.6,mb,,121,0.968,0.79,us,us2000cyv6,2018-02-10T12:59:44.475Z,"6km SW of Ogawa, Japan",earthquake,4.9,8.6,0.097,32,reviewed,us,us
2018-02-08T11:04:01.310Z,52.5675,-179.4521,211.02,5.6,mww,,25,1.42,1.05,us,us2000cysh,2018-02-17T01:32:22.417Z,"94km NE of Semisopochnoi Island, Alaska",earthquake,8.1,5.1,0.073,18,reviewed,us,us
2018-02-08T09:52:47.330Z,4.7512,96.2239,10,5.3,mww,,148,0.862,1.29,us,us2000cyrm,2018-02-09T02:47:40.084Z,"51km S of Reuleuet, Indonesia",earthquake,6.6,1.8,0.073,18,reviewed,us,us
2018-02-08T05:40:04.290Z,-17.6283,-69.5893,138.23,4.5,mb,,84,0.707,1.45,us,us2000cyp5,2018-02-08T06:23:13.040Z,"50km ESE of Tarata, Peru",earthquake,6.3,4.6,0.087,39,reviewed,us,us
2018-02-08T03:58:01.250Z,55.9897,-150.2306,18.52,4.8,mww,,143,2.093,0.86,us,us2000cynn,2018-02-26T23:10:08.967Z,"240km SE of Kodiak, Alaska",earthquake,6.4,3.6,0.048,42,reviewed,us,us
2018-02-08T03:06:03.350Z,23.9129,121.6509,10,4.7,mb,,140,0.264,0.47,us,us2000cyni,2018-02-08T05:30:48.748Z,"8km SSE of Hualian, Taiwan",earthquake,2,1.9,0.126,19,reviewed,us,us
2018-02-08T02:29:14.640Z,79.8071,2.0308,10,5.6,mww,,67,2.044,1.16,us,us2000cymg,2018-02-08T21:59:43.867Z,"Greenland Sea",earthquake,7.4,2,0.069,20,reviewed,us,us
2018-02-08T01:33:53.180Z,42.4595,146.8639,83.78,4.5,mb,,187,2.788,0.53,us,us2000cykb,2018-02-08T01:45:04.040Z,"142km SE of Nemuro, Japan",earthquake,8,13.1,0.107,26,reviewed,us,us
2018-02-08T00:54:16.710Z,23.8944,121.6418,6.13,5.2,mb,,83,0.281,0.83,us,us2000cyjq,2018-02-09T16:21:05.479Z,"9km SSE of Hualian, Taiwan",earthquake,4.3,3.7,0.051,125,reviewed,us,us
2018-02-07T22:28:41.090Z,-10.1368,118.7441,34.92,4.5,mb,,43,3.756,0.69,us,us2000cygt,2018-02-27T23:03:43.040Z,"61km SSW of Panenggoede, Indonesia",earthquake,7.8,6.1,0.079,47,reviewed,us,us
2018-02-07T21:49:29.550Z,-59.2119,-24.9221,10,4.6,mb,,84,15.355,1.02,us,us2000d3d7,2018-02-25T05:27:13.040Z,"93km ESE of Bristol Island, South Sandwich Islands",earthquake,13.3,1.9,0.122,20,reviewed,us,us
2018-02-07T20:59:48.070Z,-4.9198,144.5781,57.4,4.6,mb,,37,3.988,0.87,us,us2000cye7,2018-02-28T17:10:22.040Z,"110km NNE of Mount Hagen, Papua New Guinea",earthquake,9,6.6,0.06,84,reviewed,us,us
2018-02-07T20:22:57.860Z,1.4238,127.007,123.86,4.5,mb,,105,0.74,0.71,us,us2000cydt,2018-02-28T16:50:49.040Z,"81km NNW of Kota Ternate, Indonesia",earthquake,8,6.6,0.084,41,reviewed,us,us
2018-02-07T18:45:23.790Z,-17.9145,-178.5336,573.74,4.5,mb,,131,7.621,0.59,us,us2000cyba,2018-02-28T19:36:47.040Z,"276km SE of Lambasa, Fiji",earthquake,14.6,10.6,0.043,160,reviewed,us,us
2018-02-07T17:33:26.700Z,41.4786,144.1878,10,4.6,mb,,138,0.939,0.95,us,us1000cidt,2018-02-28T16:27:24.040Z,"166km S of Kushiro, Japan",earthquake,7.5,1.9,0.069,62,reviewed,us,us
2018-02-07T15:21:31.710Z,24.0739,121.7386,15,5.7,mww,,40,0.164,1.04,us,us1000ci9y,2018-02-28T03:47:06.553Z,"17km NE of Hualian, Taiwan",earthquake,4,1.7,0.055,32,reviewed,us,us
2018-02-07T14:19:20.760Z,23.9436,121.7443,10,4.6,mb,,67,0.266,0.74,us,us1000ci93,2018-02-25T07:30:23.040Z,"14km ESE of Hualian, Taiwan",earthquake,5.1,1.7,0.078,49,reviewed,us,us
2018-02-07T13:06:41.100Z,24.0304,121.7812,8.65,4.8,mww,,80,0.222,0.86,us,us1000ci8a,2018-02-25T07:10:27.376Z,"18km ENE of Hualian, Taiwan",earthquake,4.7,4.6,0.098,10,reviewed,us,us
2018-02-07T12:36:16.310Z,-29.1936,-72.7997,10,5.1,mww,,95,1.788,1.38,us,us1000ci7u,2018-02-08T00:31:35.368Z,"164km WNW of Coquimbo, Chile",earthquake,5,1.8,0.055,32,reviewed,us,us
2018-02-07T12:03:28.160Z,-20.6451,-178.1747,581.98,5.3,mb,,34,7.917,0.99,us,us1000ci7d,2018-02-07T12:23:53.040Z,"54km E of Ndoi Island, Fiji",earthquake,8.9,6.3,0.026,492,reviewed,us,us
2018-02-07T11:13:06.560Z,23.9447,121.7152,10,4.8,mb,,83,0.253,0.67,us,us1000ci6y,2018-02-07T11:36:48.040Z,"11km ESE of Hualian, Taiwan",earthquake,4.5,1.9,0.064,77,reviewed,us,us
2018-02-07T09:21:07.060Z,16.0076,-96.1569,10,4.6,mb,,166,2.778,0.84,us,us1000ci5h,2018-02-12T20:55:08.320Z,"12km NW of Santa Maria Xadani, Mexico",earthquake,3.1,1.9,0.03,327,reviewed,us,us
2018-02-07T07:23:08.490Z,-23.1134,179.1981,552.28,4.6,mb,,85,10.847,1,us,us1000ci3r,2018-02-07T07:40:52.040Z,"South of the Fiji Islands",earthquake,13.6,11.4,0.056,95,reviewed,us,us
2018-02-07T05:39:14.340Z,44.1059,148.0939,58.82,4.6,mb,,165,3.961,0.84,us,us1000ci3a,2018-02-07T07:15:56.040Z,"115km ENE of Shikotan, Russia",earthquake,10.1,8.7,0.046,145,reviewed,us,us
2018-02-07T03:36:19.330Z,24.0502,121.7286,10,4.8,mwr,,79,0.173,0.94,us,us1000ci2j,2018-02-07T03:53:14.040Z,"15km ENE of Hualian, Taiwan",earthquake,2.4,1.8,0.069,20,reviewed,us,us
2018-02-07T02:18:02.770Z,24.0456,121.7349,7.15,4.8,mwr,,79,0.18,0.67,us,us1000ci03,2018-02-28T01:23:00.288Z,"15km ENE of Hualian, Taiwan",earthquake,2.9,3.7,0.065,23,reviewed,us,us
2018-02-06T23:43:51.770Z,23.9887,121.6757,10,4.7,mb,,80,0.198,0.95,us,us1000chvf,2018-02-28T00:05:29.040Z,"7km E of Hualian, Taiwan",earthquake,2.8,1.8,0.078,49,reviewed,us,us
2018-02-06T23:24:08.290Z,23.9624,121.6022,10,4.6,mb,,94,0.21,0.69,us,us2000d39s,2018-02-28T00:02:36.040Z,"1km S of Hualian, Taiwan",earthquake,3.7,1.9,0.096,32,reviewed,us,us
2018-02-06T23:11:43.100Z,24.0484,121.7165,10,4.8,mb,,78,0.167,0.71,us,us1000chuk,2018-02-27T23:51:59.040Z,"13km NE of Hualian, Taiwan",earthquake,1.6,1.9,0.068,68,reviewed,us,us
2018-02-06T21:57:42.200Z,38.2183,72.4526,111.07,4.5,mb,,127,1.845,0.87,us,us2000d39q,2018-02-25T04:34:13.040Z,"88km E of Vanj, Tajikistan",earthquake,7.6,9.3,0.157,12,reviewed,us,us
2018-02-06T21:54:00.730Z,38.1608,72.5446,107.81,5,mb,,47,1.873,0.69,us,us1000chs5,2018-02-07T13:16:08.912Z,"98km ESE of Vanj, Tajikistan",earthquake,6.6,1.6,0.062,84,reviewed,us,us
2018-02-06T20:56:22.430Z,24.0492,121.7515,8.69,4.7,mww,,34,0.189,0.94,us,us1000chq1,2018-02-07T21:40:10.040Z,"16km ENE of Hualian, Taiwan",earthquake,3.2,2.6,0.103,9,reviewed,us,us
2018-02-06T19:47:11.780Z,-32.4839,-70.3773,105.22,4.5,mb,,82,0.315,0.81,us,us1000chmk,2018-02-07T19:25:43.371Z,"43km NNE of Los Andes, Chile",earthquake,5.5,5.7,0.127,19,reviewed,us,us
2018-02-06T19:36:35.580Z,23.9488,121.7778,8.45,4.9,mb,,41,0.279,0.7,us,us1000chmg,2018-02-07T19:09:07.040Z,"17km E of Hualian, Taiwan",earthquake,3.4,1.3,0.058,93,reviewed,us,us
2018-02-06T19:15:29.040Z,23.9552,121.7516,14,5.4,mww,,30,0.26,0.62,us,us1000chln,2018-02-07T18:11:25.147Z,"15km E of Hualian, Taiwan",earthquake,4,1.8,0.098,10,reviewed,us,us
2018-02-06T18:37:59.000Z,-18.9595,169.4843,243.65,5.6,mww,,25,4.104,0.87,us,us1000chl5,2018-02-07T16:27:16.063Z,"69km NNE of Isangel, Vanuatu",earthquake,7.5,2.7,0.063,24,reviewed,us,us
2018-02-06T18:07:38.370Z,24.0347,121.7645,6.65,5.2,mww,,35,0.207,0.87,us,us1000chjm,2018-02-07T16:22:35.495Z,"17km ENE of Hualian, Taiwan",earthquake,4.4,3.3,0.127,6,reviewed,us,us
2018-02-06T18:00:13.150Z,24.1017,121.7764,6.12,5.2,mww,,24,0.18,0.98,us,us1000chj0,2018-02-07T15:47:46.576Z,"22km NE of Hualian, Taiwan",earthquake,5.4,3.4,0.103,9,reviewed,us,us
2018-02-06T16:26:44.810Z,23.9479,121.6674,3.67,4.5,mb,,82,0.234,0.46,us,us2000d39g,2018-02-20T17:50:25.040Z,"7km ESE of Hualian, Taiwan",earthquake,3.4,1.8,0.116,22,reviewed,us,us
2018-02-06T16:17:57.920Z,23.9222,121.6571,10,5.1,mb,,82,0.256,0.67,us,us1000chhq,2018-02-20T22:41:10.616Z,"8km SE of Hualian, Taiwan",earthquake,4.9,1.8,0.055,108,reviewed,us,us
2018-02-06T15:50:43.300Z,24.1359,121.658,17,6.4,mww,,34,0.069,0.9,us,us1000chhc,2018-02-22T17:47:30.416Z,"18km NNE of Hualian, Taiwan",earthquake,2.6,1.6,0.047,44,reviewed,us,us
2018-02-06T15:16:23.500Z,56.4045,-148.4018,10,4.6,mwr,,138,2.667,0.45,us,us1000chh4,2018-02-20T16:14:23.040Z,"287km ESE of Kodiak, Alaska",earthquake,6.8,1.9,0.038,67,reviewed,us,us
2018-02-06T15:01:32.580Z,13.0218,122.3788,35.41,4.6,mb,,135,1.766,0.85,us,us2000d39d,2018-02-20T15:27:41.040Z,"27km SW of Pagsangahan, Philippines",earthquake,14.3,9,0.206,7,reviewed,us,us
2018-02-06T13:17:45.820Z,10.1521,-43.2492,12.81,4.8,mb,,72,10.572,1.44,us,us2000d39l,2018-02-19T17:30:00.040Z,"Northern Mid-Atlantic Ridge",earthquake,12.1,5,0.105,28,reviewed,us,us
2018-02-06T09:41:17.620Z,-14.2192,167.4158,185.21,4.7,mb,,108,6.969,0.98,us,us1000chev,2018-02-06T09:57:22.040Z,"39km SSW of Sola, Vanuatu",earthquake,12,8.3,0.089,38,reviewed,us,us
2018-02-06T08:36:49.070Z,24.0332,121.7779,6.24,4.6,mb,,80,0.218,0.75,us,us1000che8,2018-02-23T08:11:28.040Z,"18km ENE of Hualian, Taiwan",earthquake,2.3,5.1,0.111,24,reviewed,us,us
2018-02-06T07:53:14.890Z,4.6811,95.0173,55.61,4.6,mb,,176,1.998,0.59,us,us1000chdr,2018-02-23T08:08:14.040Z,"102km SSW of Banda Aceh, Indonesia",earthquake,4.8,10,0.141,15,reviewed,us,us
2018-02-06T07:16:48.260Z,0.6104,126.2858,42.76,4.5,mb,,113,1.092,0.42,us,us1000chda,2018-02-23T08:03:24.040Z,"121km W of Kota Ternate, Indonesia",earthquake,9.2,9.5,0.135,16,reviewed,us,us
2018-02-06T05:09:15.240Z,24.1594,121.7157,8.09,4.8,mwr,,74,0.111,0.67,us,us1000chc4,2018-02-06T16:21:20.498Z,"23km NNE of Hualian, Taiwan",earthquake,1.9,3.7,0.063,24,reviewed,us,us
2018-02-06T04:59:14.720Z,18.1555,120.8237,43.55,4.8,mb,,129,4.644,0.87,us,us1000chbz,2018-02-06T05:12:43.255Z,"6km SW of Carasi, Philippines",earthquake,3.5,8.4,0.09,38,reviewed,us,us
2018-02-06T04:48:47.340Z,-35.2607,-74.0065,10,5,mb,,147,1.72,0.83,us,us1000chbp,2018-02-06T17:43:56.900Z,"144km W of Constitucion, Chile",earthquake,7.4,1.9,0.038,220,reviewed,us,us
2018-02-05T22:56:46.030Z,-35.3888,179.0031,10,4.5,mb,,205,2.24,1.13,us,us2000d2qb,2018-02-27T23:44:23.040Z,"Off the east coast of the North Island of New Zealand",earthquake,7.8,2,0.205,7,reviewed,us,us
2018-02-05T22:54:23.390Z,-58.9119,-26.1457,144.34,4.6,mb,,46,7.352,0.88,us,us1000cgkn,2018-02-27T23:34:06.040Z,"25km ENE of Bristol Island, South Sandwich Islands",earthquake,11.5,5,0.072,58,reviewed,us,us
2018-02-05T22:30:59.220Z,-15.9,-74.7325,10,4.7,mb,,150,4.395,0.79,us,us1000cgck,2018-02-27T23:22:34.040Z,"53km SSW of Acari, Peru",earthquake,9,1.9,0.074,55,reviewed,us,us
2018-02-05T20:56:22.390Z,27.0011,140.1845,467.22,5.3,mww,,39,1.786,0.93,us,us1000cga3,2018-02-28T00:28:09.983Z,"201km W of Chichi-shima, Japan",earthquake,9.5,3.2,0.073,18,reviewed,us,us
2018-02-05T19:27:05.160Z,-12.8788,-78.0987,10,4.8,mb,,157,1.513,0.63,us,us1000cg7v,2018-02-28T00:22:27.040Z,"136km SW of Callao, Peru",earthquake,7.9,1.9,0.052,115,reviewed,us,us
2018-02-05T19:22:29.250Z,56.5099,-148.8435,10,4.8,mb,,141,2.404,0.54,us,us1000cg7h,2018-02-28T00:17:35.040Z,"258km ESE of Kodiak, Alaska",earthquake,6.5,1.9,0.042,189,reviewed,us,us
2018-02-05T17:54:26.000Z,-35.4911,178.8217,9.07,4.9,mb,,102,2.108,0.83,us,us2000d2q6,2018-02-28T16:02:21.040Z,"Off the east coast of the North Island of New Zealand",earthquake,10.1,5.7,0.09,39,reviewed,us,us
2018-02-05T16:55:35.100Z,18.2777,96.234,10,4.6,mb,,127,2.578,0.86,us,us1000cg3x,2018-02-19T16:20:57.123Z,"31km SW of Pyu, Burma",earthquake,3.8,1.9,0.125,19,reviewed,us,us
2018-02-05T16:37:48.080Z,-8.4527,26.6997,10,4.9,mb,,100,6.937,0.87,us,us1000cg3v,2018-02-19T16:19:09.040Z,"124km NE of Bukama, Democratic Republic of the Congo",earthquake,10.4,1.9,0.076,55,reviewed,us,us
2018-02-05T16:07:08.600Z,-19.3824,-175.3904,139.02,4.6,mb,,80,5.17,0.99,us,us1000cg3l,2018-02-19T15:54:29.040Z,"118km WNW of Pangai, Tonga",earthquake,9.5,7.4,0.042,170,reviewed,us,us
2018-02-05T15:58:41.310Z,24.1071,121.7522,8.42,4.8,mww,,76,0.158,0.57,us,us1000cg32,2018-02-19T15:52:04.145Z,"20km NE of Hualian, Taiwan",earthquake,2.6,3.7,0.103,9,reviewed,us,us
2018-02-05T15:00:32.210Z,-20.7563,-178.7564,573.09,4.5,mb,,100,8.472,0.95,us,us1000cg2m,2018-02-18T20:42:32.040Z,"13km SSW of Ndoi Island, Fiji",earthquake,12,7.4,0.051,112,reviewed,us,us
2018-02-05T13:46:56.290Z,-59.529,-25.4454,10,4.6,mb,,125,15.194,0.25,us,us2000d2q7,2018-02-18T20:14:09.040Z,"82km SE of Bristol Island, South Sandwich Islands",earthquake,10.5,1.9,0.137,16,reviewed,us,us
2018-02-05T09:29:49.470Z,53.6741,-35.4132,10,5,mb,,59,10.194,1.54,us,us1000cfz5,2018-02-05T09:47:38.040Z,"Reykjanes Ridge",earthquake,9.5,1.8,0.031,342,reviewed,us,us
2018-02-05T09:25:20.040Z,-35.5315,178.8275,8.78,5.2,mb,,199,2.069,1.16,us,us1000cfz6,2018-02-05T09:47:18.040Z,"Off the east coast of the North Island of New Zealand",earthquake,15.2,8,0.097,35,reviewed,us,us
2018-02-05T09:06:44.370Z,24.1298,121.7709,10,4.7,mb,,75,0.166,1.02,us,us1000cfyn,2018-02-07T12:25:34.040Z,"23km NE of Hualian, Taiwan",earthquake,2.6,1.9,0.067,68,reviewed,us,us
2018-02-04T21:47:29.550Z,-17.4117,-70.7435,52.95,4.7,mb,,130,1.027,1.14,us,us1000cft6,2018-02-05T02:51:09.849Z,"24km W of Ilabaya, Peru",earthquake,7.3,6.2,0.056,97,reviewed,us,us
2018-02-04T19:55:05.120Z,-9.1216,122.4742,142.29,5.2,mww,,54,0.536,0.95,us,us1000cfsg,2018-02-04T20:08:05.040Z,"42km SSE of Habibola, Indonesia",earthquake,3.5,6.2,0.071,19,reviewed,us,us
2018-02-04T18:15:23.930Z,-39.0812,177.572,10,4.5,mb,,118,0.655,0.91,us,us1000cfqv,2018-02-08T18:53:11.893Z,"18km ESE of Wairoa, New Zealand",earthquake,5.5,1.9,0.222,6,reviewed,us,us
2018-02-04T16:54:22.320Z,24.1707,121.8397,7.69,4.5,mb,,75,0.223,0.65,us,us1000cfss,2018-02-18T16:52:11.040Z,"32km NE of Hualian, Taiwan",earthquake,4.6,1.3,0.096,32,reviewed,us,us
2018-02-04T15:33:46.880Z,24.182,121.7835,12.77,4.6,mb,,73,0.172,0.46,us,us1000cfpc,2018-02-15T22:06:55.040Z,"29km NE of Hualian, Taiwan",earthquake,4.8,4.7,0.074,55,reviewed,us,us
2018-02-04T15:11:18.180Z,6.7188,-72.9886,169.81,4.5,mb,,81,2.285,0.72,us,us1000cfp3,2018-02-15T21:23:08.020Z,"4km NE of Aratoca, Colombia",earthquake,9,8.9,0.036,227,reviewed,us,us
2018-02-04T15:06:21.740Z,-34.6256,-70.504,129.12,4.5,mwr,,56,0.282,0.42,us,us1000cfnz,2018-02-15T21:18:57.928Z,"40km SE of Rengo, Chile",earthquake,6.7,5.8,,,reviewed,us,guc
2018-02-04T14:16:54.840Z,24.0953,121.7461,7.19,4.8,mww,,77,0.158,0.9,us,us1000cfnw,2018-02-15T20:45:02.040Z,"19km NE of Hualian, Taiwan",earthquake,3.1,2.9,0.139,5,reviewed,us,us
2018-02-04T14:13:12.140Z,24.1256,121.7641,9.14,5.5,mww,,75,0.162,0.56,us,us1000cfnf,2018-02-15T20:43:19.091Z,"23km NE of Hualian, Taiwan",earthquake,5.2,3.5,0.073,18,reviewed,us,us
2018-02-04T14:12:01.690Z,24.1798,121.8219,10,4.7,mb,,137,0.207,0.83,us,us2000d26j,2018-02-15T20:30:34.040Z,"31km NE of Hualian, Taiwan",earthquake,4.3,1.5,0.153,18,reviewed,us,us
2018-02-04T14:10:51.640Z,24.1393,121.7574,9.85,4.9,mb,,89,0.152,0.67,us,us1000cfns,2018-02-15T20:13:16.366Z,"23km NE of Hualian, Taiwan",earthquake,3.5,2.2,0.066,72,reviewed,us,us
2018-02-04T14:05:24.510Z,24.1537,121.8778,10,4.7,mb,,104,0.259,0.93,us,us2000d26c,2018-02-15T20:03:45.040Z,"34km NE of Hualian, Taiwan",earthquake,2.8,1.9,0.127,19,reviewed,us,us
2018-02-04T13:56:41.950Z,24.1572,121.7078,12,6.1,mww,,30,0.104,0.87,us,us1000cfn6,2018-02-23T16:41:07.507Z,"22km NNE of Hualian, Taiwan",earthquake,5.5,1.7,0.047,43,reviewed,us,us
2018-02-04T13:49:58.650Z,-6.8087,155.4826,35,4.5,mb,,51,5.134,0.54,us,us2000d26b,2018-02-14T22:26:28.040Z,"54km S of Panguna, Papua New Guinea",earthquake,10.2,1.9,0.074,53,reviewed,us,us
2018-02-04T13:24:32.630Z,82.9881,-6.4407,10,5.2,mb,,48,4.977,0.8,us,us1000cfmz,2018-02-14T20:33:15.040Z,"219km NE of Nord, Greenland",earthquake,7.5,1.8,0.036,253,reviewed,us,us
2018-02-04T13:23:08.510Z,83.0415,-6.7663,10,5.2,mb,,48,5.043,0.99,us,us1000cfmx,2018-02-14T20:25:34.040Z,"219km NE of Nord, Greenland",earthquake,8.5,1.8,0.038,221,reviewed,us,us
2018-02-04T13:12:51.920Z,24.1787,121.7321,10.15,5,mww,,57,0.125,0.95,us,us1000cfmu,2018-02-19T15:08:03.224Z,"25km NNE of Hualian, Taiwan",earthquake,5,3.7,0.089,12,reviewed,us,us
2018-02-04T12:08:51.930Z,-23.7182,37.9983,10,4.5,mb,,93,6.733,1.3,us,us2000d268,2018-02-17T09:29:53.040Z,"266km E of Inhambane, Mozambique",earthquake,10,1.9,0.222,6,reviewed,us,us
2018-02-04T09:43:41.030Z,-5.6183,147.9117,139.68,4.5,mb,,149,3.835,0.62,us,us2000d262,2018-02-17T08:44:26.040Z,"108km N of Finschhafen, Papua New Guinea",earthquake,17.2,10,0.121,20,reviewed,us,us
2018-02-04T09:06:50.670Z,-29.5522,-13.6381,10,5,mb,,79,7.577,0.69,us,us1000cflk,2018-02-17T08:36:05.040Z,"Southern Mid-Atlantic Ridge",earthquake,5,1.8,0.078,52,reviewed,us,us
2018-02-04T01:32:22.550Z,-4.7227,144.7656,96.5,4.6,mb,,67,3.718,1.02,us,us1000cfiq,2018-02-12T03:38:01.040Z,"106km SE of Angoram, Papua New Guinea",earthquake,6.7,9.6,0.1,31,reviewed,us,us
2018-02-03T23:49:03.330Z,-34.8547,-69.2088,169.88,4.5,mb,,40,1.295,0.88,us,us1000cfi1,2018-02-25T03:55:04.040Z,"76km NNE of Malargue, Argentina",earthquake,5.5,6.3,0.079,47,reviewed,us,us
2018-02-03T23:23:52.810Z,-1.3217,99.6977,48.8,4.7,mb,,186,2.116,0.42,us,us1000cfhv,2018-02-24T04:46:59.887Z,"62km ENE of Muara Siberut, Indonesia",earthquake,5.9,8.3,0.084,43,reviewed,us,us
2018-02-03T19:30:56.870Z,24.1577,121.7152,11.14,4.8,mb,,74,0.111,0.62,us,us1000cffx,2018-02-25T03:24:31.223Z,"22km NNE of Hualian, Taiwan",earthquake,4.9,4.4,0.066,71,reviewed,us,us
2018-02-03T18:28:58.520Z,7.168,126.6065,76.31,4.7,mb,,81,6.398,0.89,us,us1000cff4,2018-02-06T15:58:28.040Z,"9km SE of Manay, Philippines",earthquake,9.1,1.9,0.049,126,reviewed,us,us
2018-02-03T13:37:00.240Z,-7.537,127.7248,148.79,4.9,mb,,52,3.569,1.09,us,us1000cfb0,2018-02-03T13:52:15.040Z,"262km ENE of Dili, East Timor",earthquake,7.8,5.1,0.12,22,reviewed,us,us
2018-02-03T13:06:03.780Z,-56.2764,-25.7488,10,5.2,mb,,134,6.453,0.96,us,us1000cfau,2018-02-03T13:19:40.040Z,"101km ENE of Visokoi Island, South Georgia and the South Sandwich Islands",earthquake,14.4,2,0.078,54,reviewed,us,us
2018-02-03T12:53:12.510Z,43.3621,16.8621,31.34,4.6,mb,,22,1.806,0.87,us,us1000cfak,2018-02-17T08:34:32.028Z,"5km W of Donja Brela, Croatia",earthquake,5.5,5.7,0.07,60,reviewed,us,us
2018-02-03T04:29:28.900Z,-6.8258,129.517,154.6,4.6,mb,,84,2.108,0.8,us,us1000cf6u,2018-02-27T00:13:09.040Z,"234km WNW of Saumlaki, Indonesia",earthquake,7.3,7.3,0.083,43,reviewed,us,us
2018-02-03T03:13:37.430Z,-7.5143,156.246,34.68,4.7,mb,,98,4.13,0.61,us,us2000d221,2018-02-23T05:09:41.040Z,"92km NW of Gizo, Solomon Islands",earthquake,10.5,6.6,0.133,17,reviewed,us,us
2018-02-02T23:30:02.240Z,-41.6706,85.087,10,5.1,mb,,39,6.965,1.12,us,us1000ceuw,2018-02-03T00:30:53.040Z,"Southeast Indian Ridge",earthquake,10,1.7,0.063,81,reviewed,us,us
2018-02-02T22:48:13.060Z,-22.9035,171.0748,10,4.7,mb,,129,3.361,0.8,us,us2000d1zb,2018-02-16T06:02:37.040Z,"114km WSW of Ile Hunter, New Caledonia",earthquake,13.4,1.6,0.118,22,reviewed,us,us
2018-02-02T21:16:06.760Z,-8.2757,158.7325,98.86,5,mb,,27,1.666,0.9,us,us1000ceqp,2018-02-13T06:03:02.040Z,"41km SW of Dadali, Solomon Islands",earthquake,8.5,4.6,0.035,264,reviewed,us,us
2018-02-02T20:33:58.670Z,-22.3395,-179.4982,547.18,4.8,mb,,60,9.527,0.95,us,us1000cep8,2018-02-03T14:35:07.040Z,"204km SSW of Ndoi Island, Fiji",earthquake,11.8,6.6,0.082,47,reviewed,us,us
2018-02-02T12:55:05.590Z,-65.8617,-175.6578,10,5.2,mb,,79,13.123,0.67,us,us1000ceb4,2018-02-05T18:01:09.040Z,"260km NE of Scott Island Bank, Antarctica",earthquake,7.1,1.8,0.104,30,reviewed,us,us
2018-02-02T12:40:17.150Z,11.2106,-87.7257,10,4.6,mb,,155,1.617,0.92,us,us1000ceay,2018-02-03T05:19:19.694Z,"146km WSW of Masachapa, Nicaragua",earthquake,6.7,1.9,0.049,125,reviewed,us,us
2018-02-02T11:37:53.320Z,-65.8111,-175.635,10,6,mww,,105,13.174,0.48,us,us1000ce9r,2018-02-05T17:57:54.040Z,"265km NE of Scott Island Bank, Antarctica",earthquake,11.5,1.9,0.063,24,reviewed,us,us
2018-02-02T11:36:09.330Z,-21.0853,-68.762,144.03,4.5,mb,,139,0.678,0.63,us,us1000ce9l,2018-02-05T09:30:18.040Z,"153km N of Calama, Chile",earthquake,6,8.6,0.313,3,reviewed,us,us
2018-02-02T10:22:05.650Z,-18.5066,-173.5368,10,4.9,mb,,65,3.466,1.59,us,us1000ce8z,2018-02-02T10:53:03.418Z,"49km ENE of Neiafu, Tonga",earthquake,6.5,1.9,0.041,185,reviewed,us,us
2018-02-02T08:42:48.690Z,-4.6542,153.4229,60.18,4.6,mb,,117,1.337,0.76,us,us2000d1yw,2018-02-21T11:01:53.040Z,"47km ESE of Taron, Papua New Guinea",earthquake,11.6,7.9,0.122,20,reviewed,us,us
2018-02-02T08:03:59.280Z,53.1524,-35.1878,10,4.7,mb,,102,15.208,0.33,us,us1000ce7r,2018-02-21T09:25:50.040Z,"Reykjanes Ridge",earthquake,6.1,1.9,0.078,50,reviewed,us,us
2018-02-02T07:53:23.360Z,53.1082,-35.2003,10,4.6,mb,,98,14.493,0.68,us,us2000d1yu,2018-02-21T09:22:13.040Z,"Reykjanes Ridge",earthquake,4.7,2,0.105,27,reviewed,us,us
2018-02-02T06:23:56.090Z,53.1093,-35.1806,10,5.3,mww,,80,14.505,0.72,us,us1000ce69,2018-02-17T11:31:52.040Z,"Reykjanes Ridge",earthquake,10.4,1.9,0.049,40,reviewed,us,us
2018-02-02T05:43:35.070Z,-5.3537,133.9578,38.58,4.9,mb,,79,2.958,0.88,us,us1000ce5t,2018-02-17T10:59:03.040Z,"53km NNW of Dobo, Indonesia",earthquake,8.1,7.7,0.086,42,reviewed,us,us
2018-02-02T00:20:42.210Z,-0.2471,125.1824,38,5.5,mww,,35,2.407,1.36,us,us1000ce2h,2018-02-12T03:19:05.138Z,"138km SE of Modayag, Indonesia",earthquake,6,1.8,0.069,20,reviewed,us,us
2018-02-01T23:13:53.850Z,-31.5455,-70.0092,97.8,5.2,mww,,40,0.913,0.73,us,us1000ce18,2018-02-11T23:18:44.241Z,"61km WSW of Calingasta, Argentina",earthquake,5.6,4.7,0.08,15,reviewed,us,us
2018-02-01T19:23:27.840Z,-15.802,167.9832,153.11,4.6,mb,,114,5.886,0.52,us,us1000cduz,2018-02-13T18:09:26.040Z,"69km ENE of Lakatoro, Vanuatu",earthquake,12.6,9.4,0.095,33,reviewed,us,us
2018-02-01T15:37:53.780Z,37.2118,141.9655,25.62,4.5,mb,,129,1.141,1.05,us,us1000cdq5,2018-02-02T15:01:56.040Z,"90km ESE of Namie, Japan",earthquake,2.5,6,0.063,74,reviewed,us,us
2018-02-01T11:05:50.540Z,-16.645,-177.3954,10,6,mww,,70,6.065,0.96,us,us1000cdn0,2018-02-01T23:33:01.919Z,"272km SSE of Sigave, Wallis and Futuna",earthquake,10.2,1.9,0.052,36,reviewed,us,us
2018-02-01T10:59:57.940Z,-16.3907,-177.2451,10,5.4,mww,,126,5.827,0.99,us,us1000cdnc,2018-02-01T23:45:53.040Z,"251km SSE of Sigave, Wallis and Futuna",earthquake,8.6,1.8,0.103,9,reviewed,us,us
2018-02-01T06:20:40.840Z,-4.5834,125.4204,498.01,4.6,mb,,47,4.401,0.79,us,us1000cdkc,2018-02-01T07:16:48.040Z,"150km SW of Leksula, Indonesia",earthquake,10.6,8.3,0.086,40,reviewed,us,us
2018-02-01T04:47:00.510Z,-1.6166,-77.7592,186.05,4.5,mb,,44,1.116,0.97,us,us1000cdk1,2018-02-01T05:14:37.040Z,"21km ENE of Palora, Ecuador",earthquake,6.9,7,0.094,33,reviewed,us,us
2018-02-01T04:18:30.970Z,-56.9349,-140.8504,10,5.4,mb,,136,32.33,1.06,us,us1000cdjw,2018-02-01T18:00:12.040Z,"Pacific-Antarctic Ridge",earthquake,15.1,1.9,0.096,37,reviewed,us,us
2018-02-01T00:12:54.950Z,-37.4864,-74.1602,4.2,4.8,mwr,,134,1.069,0.77,us,us1000cdhv,2018-02-23T02:36:22.394Z,"47km WNW of Lebu, Chile",earthquake,5.1,3.7,0.041,56,reviewed,us,us
2018-01-31T23:13:21.270Z,-1.7438,-77.6721,19.62,5.2,mb,,29,1.222,0.65,us,us1000cdgu,2018-02-23T00:50:51.040Z,"29km E of Palora, Ecuador",earthquake,4.8,3.2,0.042,192,reviewed,us,us
2018-01-31T20:11:49.050Z,-10.915,164.2708,10,4.5,mb,,130,4.501,0.56,us,us2000d0wt,2018-02-27T20:57:36.040Z,"172km W of Lata, Solomon Islands",earthquake,11,1.9,0.099,30,reviewed,us,us
2018-01-31T20:01:45.890Z,56.4579,-149.0659,10,5,mww,,81,2.333,1.02,us,us1000cdca,2018-02-22T20:28:10.040Z,"250km SE of Kodiak, Alaska",earthquake,6.5,1.8,0.049,40,reviewed,us,us
2018-01-31T19:15:51.440Z,-10.7953,164.3277,8,5.5,mww,,114,4.518,1.32,us,us1000cdbe,2018-02-22T20:17:17.909Z,"164km W of Lata, Solomon Islands",earthquake,9.6,1.9,0.06,27,reviewed,us,us
2018-01-31T18:25:53.050Z,82.9869,-5.3346,10,4.9,mb,,54,4.882,1.16,us,us1000cda3,2018-02-22T20:12:53.040Z,"232km NE of Nord, Greenland",earthquake,10.1,1.9,0.037,240,reviewed,us,us
2018-01-31T16:41:52.630Z,7.4378,-79.6878,10,5.2,mww,,65,1.724,0.79,us,us2000crtp,2018-02-27T00:01:27.946Z,"39km ESE of Pedasi, Panama",earthquake,5.9,1.8,0.089,12,reviewed,us,us
2018-01-31T16:37:05.510Z,7.2401,-79.6427,7,5.6,mww,,58,1.923,0.82,us,us2000crtj,2018-02-27T00:02:02.300Z,"53km SE of Pedasi, Panama",earthquake,7,1.8,0.058,29,reviewed,us,us
2018-01-31T15:26:50.120Z,4.9628,-164.2663,10,5.1,mb,,132,7.398,0.74,us,us2000crse,2018-02-26T23:53:36.849Z,"Line Islands, Kiribati region",earthquake,11.1,2,0.066,75,reviewed,us,us
2018-01-31T14:32:57.210Z,11.9057,124.5158,10,4.5,mb,,135,4.115,0.9,us,us2000crrd,2018-02-15T13:32:44.040Z,"7km ESE of Santo Nino, Philippines",earthquake,8.9,1.4,0.106,26,reviewed,us,us
2018-01-31T11:49:39.210Z,-6.9339,147.218,74.7,5.6,mww,,28,4.86,0.76,us,us2000crq6,2018-01-31T22:27:44.509Z,"34km SE of Lae, Papua New Guinea",earthquake,7.8,6.1,0.071,19,reviewed,us,us
2018-01-31T07:07:00.230Z,36.5432,70.8155,191.19,6.1,mww,,28,0.612,0.72,us,us2000crmu,2018-02-21T17:26:04.362Z,"35km S of Jarm, Afghanistan",earthquake,4.8,5.5,0.059,28,reviewed,us,us
2018-01-31T03:13:14.380Z,-6.9796,155.8581,82.18,5.3,mww,,31,4.603,0.89,us,us2000crle,2018-01-31T17:25:04.040Z,"84km SSE of Panguna, Papua New Guinea",earthquake,7.8,4.1,0.078,16,reviewed,us,us
2018-01-31T02:16:58.360Z,-28.4116,-175.8336,10,4.7,mb,,142,2.017,1.27,us,us2000crl8,2018-02-26T23:43:43.040Z,"222km ENE of Raoul Island, New Zealand",earthquake,13.3,1.8,0.137,16,reviewed,us,us
2018-01-31T02:00:31.570Z,-7.8355,118.8054,14.82,5.1,mww,,53,2.956,1.01,us,us2000crkq,2018-02-26T23:40:32.360Z,"52km NNW of Sangiang, Indonesia",earthquake,6.8,2.1,0.075,17,reviewed,us,us
2018-01-31T01:15:24.890Z,36.3073,141.0725,47.25,4.8,mb,,133,1.575,0.75,us,us2000crkh,2018-02-26T23:36:24.455Z,"42km E of Oarai, Japan",earthquake,7.4,7.4,0.067,68,reviewed,us,us
2018-01-31T00:55:53.010Z,2.6697,-31.2083,10,4.8,mb,,61,9.654,0.7,us,us2000crka,2018-02-26T23:27:14.040Z,"Central Mid-Atlantic Ridge",earthquake,4.6,1.8,0.059,88,reviewed,us,us
2018-01-31T00:55:33.990Z,-7.8874,118.7423,16.26,4.6,mb,,72,3.025,0.95,us,us2000crk9,2018-02-26T23:25:32.040Z,"47km NNE of Sampungu, Indonesia",earthquake,6,6.2,0.114,23,reviewed,us,us
2018-01-31T00:09:49.290Z,12.2837,-86.6581,134.9,4.5,mb,,103,0.218,0.88,us,us2000crjv,2018-02-26T23:20:44.970Z,"6km SSE of La Paz Centro, Nicaragua",earthquake,7.4,8.2,0.068,64,reviewed,us,us
2018-01-30T22:07:51.170Z,82.8416,-7.2552,10,4.5,mb,,53,4.947,0.78,us,us2000cric,2018-02-22T02:12:55.040Z,"201km NE of Nord, Greenland",earthquake,7.6,1.9,0.063,74,reviewed,us,us
2018-01-30T20:11:48.120Z,42.0031,142.5353,60.27,4.7,mww,,100,0.463,0.93,us,us2000crgs,2018-02-01T15:36:01.890Z,"39km SSE of Shizunai, Japan",earthquake,5.7,5.7,0.089,12,reviewed,us,us
2018-01-30T19:24:19.500Z,64.6279,-17.263,6.73,5,mb,,69,1.75,1.78,us,us2000crfy,2018-02-28T21:58:34.357Z,"107km WNW of Hofn, Iceland",earthquake,3.8,3.9,0.038,222,reviewed,us,us
2018-01-30T16:52:56.620Z,-32.1509,-177.2729,10,4.5,mb,,189,2.951,0.16,us,us2000cznk,2018-02-14T16:36:11.040Z,"173km ESE of L'Esperance Rock, New Zealand",earthquake,14.7,1.9,0.222,6,reviewed,us,us
2018-01-30T16:40:19.600Z,-5.3815,145.5397,72.35,4.6,mb,,52,3.783,0.6,us,us2000crcx,2018-02-14T16:13:59.040Z,"33km WSW of Madang, Papua New Guinea",earthquake,8.7,7.6,0.066,67,reviewed,us,us
2018-01-30T16:34:20.100Z,-30.4363,-72.0405,10,4.8,mb,,116,0.422,0.85,us,us2000cznj,2018-02-14T15:49:41.040Z,"82km WNW of Ovalle, Chile",earthquake,4.1,1.9,0.321,3,reviewed,us,us
2018-01-30T14:23:52.870Z,-15.8497,-74.6096,34,5.5,mww,,74,4.408,1.24,us,us2000cr9m,2018-02-13T19:44:03.964Z,"46km S of Acari, Peru",earthquake,7.6,1.8,0.056,31,reviewed,us,us
2018-01-30T14:11:51.570Z,19.282,121.2228,27.94,4.7,mb,,106,3.52,1.08,us,us2000cr9k,2018-02-13T19:24:51.040Z,"74km N of Namuac, Philippines",earthquake,7.9,2.7,0.066,69,reviewed,us,us
2018-01-30T11:49:28.080Z,51.7764,-176.208,50.11,5,mb,,134,0.314,1.26,us,us2000cr8s,2018-02-14T17:10:37.015Z,"33km ESE of Adak, Alaska",earthquake,10.3,7.1,0.038,221,reviewed,us,us
2018-01-30T09:45:17.400Z,8.5248,-83.0486,10,4.6,mb,,142,0.18,1.09,us,us2000cr88,2018-01-30T12:16:12.040Z,"17km SW of Corredor, Costa Rica",earthquake,6,1.9,0.09,37,reviewed,us,us
2018-01-30T08:25:22.260Z,-17.7945,168.7258,135.74,4.5,mb,,209,4.765,1.21,us,us2000czn6,2018-02-17T07:44:39.040Z,"43km E of Port-Vila, Vanuatu",earthquake,14.4,4.3,0.124,19,reviewed,us,us
2018-01-30T07:44:42.140Z,-11.2005,163.19,10,4.9,mb,,110,3.639,0.75,us,us2000cr7r,2018-02-17T07:36:21.040Z,"161km ESE of Kirakira, Solomon Islands",earthquake,5.8,1.9,0.099,32,reviewed,us,us
